full_name,first_name,last_name,country,id,club1991,nt1991,club1992,nt1992,club1993,nt1993,club1994,nt1994,club1995,nt1995,club1996,nt1996,club1997,nt1997,club1998,nt1998,club1999,nt1999,club2000,nt2000,club2001,nt2001,club2002,nt2002,club2003,nt2003,club2004,nt2004,club2005,nt2005,club2006,nt2006,club2007,nt2007,club2008,nt2008,club2009,nt2009,club2010,nt2010,club2011,nt2011,club2012,nt2012,club2013,nt2013,club2014,nt2014,club2015,nt2015,club2016,nt2016,club2017,nt2017,club2018,nt2018,club2019,nt2019,club2020,nt2020
David Alaba,David,Alaba,Austria,505,-1,-1,-1,-1,-1,-1,-1,-1,-1,-1,-1,-1,-1,-1,-1,-1,-1,-1,-1,-1,-1,-1,-1,-1,-1,-1,-1,-1,-1,-1,-1,-1,-1,-1,-1,-1,-1,0,0.03,0,0.06,0,0.06,0,0.13,0,0.08,0.67,0.15,0.5,0.06,0.25,0.11,0,0.05,0.15,0.07,0,0.05,0.2
Marko Arnautovic,Marko,Arnautovic,Austria,18830,-1,-1,-1,-1,-1,-1,-1,-1,-1,-1,-1,-1,-1,-1,-1,-1,-1,-1,-1,-1,-1,-1,-1,-1,-1,-1,-1,-1,-1,-1,-1,-1,0,-1,0,0,0.36,0,0,0,0.15,0.5,0.3,0.5,0.19,0,0.13,0,0.06,0,0.3,0.22,0.19,0.5,0.31,0.47,0.47,0.25,0.57,0.75
Martin Harnik,Martin,Harnik,Austria,25327,-1,-1,-1,-1,-1,-1,-1,-1,-1,-1,-1,-1,-1,-1,-1,-1,-1,-1,-1,-1,-1,-1,-1,-1,-1,-1,-1,-1,-1,-1,0.15,-1,0.33,0.33,0.16,0,0.06,-1,0.43,0,0.39,0.67,0.45,0.27,0.26,0,0.29,0.27,0.3,0,0.14,0.25,0.64,0,0.34,0.17,0.32,-1,0.12,-1
Andreas Ivanschitz,Andreas,Ivanschitz,Austria,105418,-1,-1,-1,-1,-1,-1,-1,-1,-1,-1,-1,-1,-1,-1,-1,-1,-1,-1,-1,-1,-1,-1,-1,-1,-1,0,-1,0.33,-1,-1,0.16,0.18,0.15,0,0.12,0.14,0.17,0,0.21,0.25,0.14,0,0.24,0.43,0.24,0,0.13,0.22,0.1,-1,0.09,0,0.38,-1,0,-1,0,-1,-1,-1
Zlatko Junuzovi?,Zlatko,Junuzovi?,Austria,1091,-1,-1,-1,-1,-1,-1,-1,-1,-1,-1,-1,-1,-1,-1,-1,-1,-1,-1,-1,-1,-1,-1,-1,-1,-1,-1,-1,-1,-1,-1,-1,-1,-1,-1,-1,-1,0.03,-1,0.15,0,0.28,0,0.15,0.2,0.1,0,0.07,0.18,0.17,0,0.12,0.2,0.16,0,0.08,0,0.16,-1,0.11,-1
Roland Linz,Roland,Linz,Austria,116545,-1,-1,-1,-1,-1,-1,-1,-1,-1,-1,-1,-1,-1,-1,-1,-1,-1,-1,-1,-1,-1,-1,-1,-1,-1,-1,-1,0,-1,-1,-1,0.33,-1,0,2.33,0,0.26,-1,0.29,0,0.56,-1,0.39,0.5,0.21,-1,0,-1,0,-1,-1,-1,-1,-1,-1,-1,-1,-1,-1,-1
Marcel Sabitzer,Marcel,Sabitzer,Austria,1159,-1,-1,-1,-1,-1,-1,-1,-1,-1,-1,-1,-1,-1,-1,-1,-1,-1,-1,-1,-1,-1,-1,-1,-1,-1,-1,-1,-1,-1,-1,-1,-1,-1,-1,-1,-1,-1,-1,-1,-1,0.37,-1,0.32,0,0.15,0,0.23,0.33,0.53,0,0.24,0.08,0.27,0.5,0.15,0.12,0.11,0,0.36,0.22
Louis Schaub,Louis,Schaub,Austria,24809,-1,-1,-1,-1,-1,-1,-1,-1,-1,-1,-1,-1,-1,-1,-1,-1,-1,-1,-1,-1,-1,-1,-1,-1,-1,-1,-1,-1,-1,-1,-1,-1,-1,-1,-1,-1,-1,-1,-1,-1,-1,-1,0.27,-1,0.12,-1,0.16,-1,0.24,-1,0.26,0,0.27,1,0.24,0.44,0.14,0,0.09,0
Alessandro Schopf,Alessandro,Schopf,Austria,417,-1,-1,-1,-1,-1,-1,-1,-1,-1,-1,-1,-1,-1,-1,-1,-1,-1,-1,-1,-1,-1,-1,-1,-1,-1,-1,-1,-1,-1,-1,-1,-1,-1,-1,-1,-1,-1,-1,-1,-1,-1,-1,-1,-1,0.38,-1,0.29,-1,0.15,-1,0.24,0.29,0.19,0,0,0.18,0.1,0,0.04,0
Roman Wallner,Roman,Wallner,Austria,120656,-1,-1,-1,-1,-1,-1,-1,-1,-1,-1,-1,-1,-1,-1,-1,-1,-1,-1,-1,-1,-1,-1,-1,0.25,-1,-1,-1,0.14,-1,-1,-1,0,0,-1,-1,-1,0.23,0,0.56,0.4,0.5,-1,0.31,0,0.34,-1,0.3,-1,0.19,-1,0.13,-1,-1,-1,0.52,-1,0,-1,-1,-1
Christian Benteke,Christian,Benteke,Belgium,2928,-1,-1,-1,-1,-1,-1,-1,-1,-1,-1,-1,-1,-1,-1,-1,-1,-1,-1,-1,-1,-1,-1,-1,-1,-1,-1,-1,-1,-1,-1,-1,-1,-1,-1,-1,-1,0.21,-1,0.42,0,0.28,-1,0.39,0.5,0.57,0.5,0.39,0.22,0.46,0,0.24,0.11,0.42,1,0.1,1,0.05,-1,0.08,1
Nacer Chadli,Nacer,Chadli,Belgium,106,-1,-1,-1,-1,-1,-1,-1,-1,-1,-1,-1,-1,-1,-1,-1,-1,-1,-1,-1,-1,-1,-1,-1,-1,-1,-1,-1,-1,-1,-1,-1,-1,-1,-1,0.11,-1,0.26,-1,0.47,-1,0.26,0,0.26,0.33,0.47,0,0.15,0.06,0.29,0,0.17,0.2,0.16,0,0.17,0.12,0,0,0.42,0.5
Kevin De Bruyne,Kevin,De Bruyne,Belgium,629,-1,-1,-1,-1,-1,-1,-1,-1,-1,-1,-1,-1,-1,-1,-1,-1,-1,-1,-1,-1,-1,-1,-1,-1,-1,-1,-1,-1,-1,-1,-1,-1,-1,-1,-1,-1,0,-1,0.08,0,0.17,0,0.19,0,0.29,0,0.11,0.33,0.31,1,0.38,0.3,0.14,0,0.23,0.12,0.21,-1,0.34,0.67
Marouane Fellaini,Marouane,Fellaini,Belgium,12753,-1,-1,-1,-1,-1,-1,-1,-1,-1,-1,-1,-1,-1,-1,-1,-1,-1,-1,-1,-1,-1,-1,-1,-1,-1,-1,-1,-1,-1,-1,-1,-1,0.1,0,0.19,0.11,0.23,0.33,0.09,0.11,0.12,0,0.12,0.2,0.33,0.25,0.08,0.18,0.23,2,0.14,0.27,0.12,1,0.22,0.15,0.27,0,0.33,-1
Yannick Ferreira-Carrasco,Yannick,Ferreira-Carrasco,Belgium,2923,-1,-1,-1,-1,-1,-1,-1,-1,-1,-1,-1,-1,-1,-1,-1,-1,-1,-1,-1,-1,-1,-1,-1,-1,-1,-1,-1,-1,-1,-1,-1,-1,-1,-1,-1,-1,-1,-1,-1,-1,-1,-1,-1,-1,0.24,-1,0.18,0,0.15,0,0.12,0.22,0.25,0,0.21,0.16,0.68,0,0.06,0.14
Eden Hazard,Eden,Hazard,Belgium,2296,-1,-1,-1,-1,-1,-1,-1,-1,-1,-1,-1,-1,-1,-1,-1,-1,-1,-1,-1,-1,-1,-1,-1,-1,-1,-1,-1,-1,-1,-1,-1,-1,-1,-1,0,0,0.13,0,0.2,0,0.22,0,0.44,0.17,0.22,0.25,0.33,0.16,0.36,0.5,0.16,0.37,0.4,1,0.33,0.55,0.4,0.25,0.05,0.62
Romelu Lukaku,Romelu,Lukaku,Belgium,907,-1,-1,-1,-1,-1,-1,-1,-1,-1,-1,-1,-1,-1,-1,-1,-1,-1,-1,-1,-1,-1,-1,-1,-1,-1,-1,-1,-1,-1,-1,-1,-1,-1,-1,-1,-1,0,-1,0.42,0.5,0.4,0,0.14,0.1,0.45,0,0.44,0.62,0.42,0,0.53,0.38,0.65,0.75,0.53,1.05,0.33,2,0.68,1.4
Thomas Meunier,Thomas,Meunier,Belgium,264,-1,-1,-1,-1,-1,-1,-1,-1,-1,-1,-1,-1,-1,-1,-1,-1,-1,-1,-1,-1,-1,-1,-1,-1,-1,-1,-1,-1,-1,-1,-1,-1,-1,-1,-1,-1,-1,-1,-1,-1,1,-1,0.1,-1,0.14,0,0.09,0,0.04,0,0.12,0,0.06,0,0.15,0.32,0.14,0,0.04,0.25
Radja Nainggolan,Radja,Nainggolan,Belgium,205,-1,-1,-1,-1,-1,-1,-1,-1,-1,-1,-1,-1,-1,-1,-1,-1,-1,-1,-1,-1,-1,-1,-1,-1,-1,-1,-1,-1,-1,-1,0,-1,0,-1,-1,-1,0.08,0,0.03,-1,0.05,0,0.03,0,0.06,0,0.1,0.5,0.11,0.5,0.14,0.24,0.25,0,0.14,0,0.19,-1,0.2,-1
Wesley Sonck,Wesley,Sonck,Belgium,114217,-1,-1,-1,-1,-1,-1,-1,-1,-1,-1,-1,-1,-1,-1,-1,-1,-1,-1,-1,-1,-1,0,-1,0.25,-1,1,-1,0.55,-1,-1,0.29,0.33,0,-1,-1,0.33,0.47,0.33,0.27,0.67,0.36,-1,0.07,-1,0.08,-1,-1,-1,-1,-1,-1,-1,-1,-1,-1,-1,-1,-1,-1,-1
Daniel Van Buyten,Daniel,Van Buyten,Belgium,114958,-1,-1,-1,-1,-1,-1,-1,-1,-1,-1,-1,-1,-1,-1,-1,-1,-1,-1,-1,-1,-1,-1,-1,0.08,-1,0,0,0,-1,0,0.07,0.25,0.12,0,0.11,0.08,0.17,0.5,0.19,0.14,0.07,0.25,0.17,0.25,0,0,0.06,0,0,-1,-1,-1,-1,-1,-1,-1,-1,-1,-1,-1
Jan Vertonghen,Jan,Vertonghen,Belgium,170,-1,-1,-1,-1,-1,-1,-1,-1,-1,-1,-1,-1,-1,-1,-1,-1,-1,-1,-1,-1,-1,-1,-1,-1,-1,-1,-1,-1,-1,-1,-1,-1,0.19,-1,0.05,0,0.15,0.25,0.06,0,0.16,0,0.24,0.14,0.12,0,0.03,0.1,0.02,0.5,0,0,0,0,0.02,0.14,0.06,0,0.07,0
Axel Witsel,Axel,Witsel,Belgium,20,-1,-1,-1,-1,-1,-1,-1,-1,-1,-1,-1,-1,-1,-1,-1,-1,-1,-1,-1,-1,-1,-1,-1,-1,-1,-1,-1,-1,-1,-1,-1,-1,-1,-1,-1,0.33,0.2,0.5,0.25,0,0.28,0.2,0.07,0.14,0.15,0,0.1,0.05,0.14,0,0.15,0.05,0.1,0,0.06,0.11,0.12,0,0.09,0
Ermin Bi?ak?i?,Ermin,Bi?ak?i?,Bosnia and Herzegovina,705,-1,-1,-1,-1,-1,-1,-1,-1,-1,-1,-1,-1,-1,-1,-1,-1,-1,-1,-1,-1,-1,-1,-1,-1,-1,-1,-1,-1,-1,-1,-1,-1,-1,-1,-1,-1,-1,-1,0,-1,0,-1,0.12,-1,0.09,0,0.03,0.14,0.07,0,0,0.25,0.05,0,0,0.09,0.03,0,0.09,0
Edin Džeko,Edin,Džeko,Bosnia and Herzegovina,790,-1,-1,-1,-1,-1,-1,-1,-1,-1,-1,-1,-1,-1,-1,-1,-1,-1,-1,-1,-1,-1,-1,-1,-1,-1,-1,-1,-1,-1,-1,0.33,-1,0.43,0,0.29,0.17,0.75,1.5,0.6,0.65,0.42,0,0.43,0.29,0.34,0.67,0.54,0.82,0.24,0,0.28,0.75,0.75,1,0.51,0.33,0.38,0.75,0.43,0.33
Amer Gojak,Amer,Gojak,Bosnia and Herzegovina,1320,-1,-1,-1,-1,-1,-1,-1,-1,-1,-1,-1,-1,-1,-1,-1,-1,-1,-1,-1,-1,-1,-1,-1,-1,-1,-1,-1,-1,-1,-1,-1,-1,-1,-1,-1,-1,-1,-1,-1,-1,-1,-1,-1,-1,-1,-1,0,-1,0,-1,0.05,-1,0.12,0,0.04,0,0.1,0,0.11,0.44
Izet Hajrovic,Izet,Hajrovic,Bosnia and Herzegovina,1327,-1,-1,-1,-1,-1,-1,-1,-1,-1,-1,-1,-1,-1,-1,-1,-1,-1,-1,-1,-1,-1,-1,-1,-1,-1,-1,-1,-1,-1,-1,-1,-1,-1,-1,-1,-1,-1,-1,0,-1,0.21,-1,0.08,-1,0.28,0,0.21,0.22,0.09,1,0.11,0,0.1,0,0,0.5,0.33,-1,0,0.33
Armin Hodži?,Armin,Hodži?,Bosnia and Herzegovina,2351,-1,-1,-1,-1,-1,-1,-1,-1,-1,-1,-1,-1,-1,-1,-1,-1,-1,-1,-1,-1,-1,-1,-1,-1,-1,-1,-1,-1,-1,-1,-1,-1,-1,-1,-1,-1,-1,-1,-1,-1,-1,-1,-1,-1,0,-1,0,-1,0.17,-1,0.5,0,0.55,0,0.25,0,0.17,-1,0.38,0.75
Vedad Ibiševi?,Vedad,Ibiševi?,Bosnia and Herzegovina,25359,-1,-1,-1,-1,-1,-1,-1,-1,-1,-1,-1,-1,-1,-1,-1,-1,-1,-1,-1,-1,-1,-1,-1,-1,-1,-1,-1,-1,-1,-1,0.29,-1,0.25,0,0.16,0.17,1.06,0,0.34,0.2,0.3,0,0.52,0.31,0.51,0.67,0.45,0.65,0,0,0.4,0.15,0.37,0,0.21,0.3,0.41,-1,0.33,-1
Senijad Ibri?i?,Senijad,Ibri?i?,Bosnia and Herzegovina,105868,-1,-1,-1,-1,-1,-1,-1,-1,-1,-1,-1,-1,-1,-1,-1,-1,-1,-1,-1,-1,-1,-1,-1,-1,-1,-1,-1,-1,-1,-1,-1,0,-1,0,-1,0,3.25,0,0.55,0.13,0.33,-1,0.11,0.09,0.21,0,0.32,0,0.22,-1,0,-1,0.2,-1,0.35,-1,0.33,-1,0.3,-1
Senad Luli?,Senad,Luli?,Bosnia and Herzegovina,1855,-1,-1,-1,-1,-1,-1,-1,-1,-1,-1,-1,-1,-1,-1,-1,-1,-1,-1,-1,-1,-1,-1,-1,-1,-1,-1,-1,-1,-1,-1,-1,-1,-1,-1,-1,-1,0.11,-1,0.2,0,0.2,0,0.11,0,0.06,0,0.19,0.08,0.14,-1,0.08,0.08,0.09,1,0.1,0.12,0.09,-1,0,-1
Haris Medunjanin,Haris,Medunjanin,Bosnia and Herzegovina,50744,-1,-1,-1,-1,-1,-1,-1,-1,-1,-1,-1,-1,-1,-1,-1,-1,-1,-1,-1,-1,-1,-1,-1,-1,-1,-1,-1,-1,-1,-1,0.5,-1,0.29,-1,0,-1,0.06,-1,0.24,0.2,0.67,0,0.11,0.2,0.12,0,0.06,0.08,0.08,0,0,0.17,0.08,0,0.08,0.22,0.03,-1,0.06,-1
Zvjezdan Misimovi?,Zvjezdan,Misimovi?,Bosnia and Herzegovina,115103,-1,-1,-1,-1,-1,-1,-1,-1,-1,-1,-1,-1,-1,-1,-1,-1,-1,-1,-1,-1,-1,-1,-1,-1,-1,-1,-1,0,-1,-1,0.35,0.18,0.2,0,0.36,0.36,0.24,0,0.31,0.38,0,0,0.26,0.25,0,0,0,0.38,-1,-1,-1,-1,-1,-1,-1,-1,-1,-1,-1,-1
Miralem Pjani?,Miralem,Pjani?,Bosnia and Herzegovina,872,-1,-1,-1,-1,-1,-1,-1,-1,-1,-1,-1,-1,-1,-1,-1,-1,-1,-1,-1,-1,-1,-1,-1,-1,-1,-1,-1,-1,-1,-1,-1,-1,0,-1,0.09,-1,0,0,0.21,0.13,0.1,0,0.11,0.12,0.14,0.33,0.16,0.29,0.11,0,0.27,0.13,0.17,0,0.16,0.08,0.09,0,0.07,0.38
Sejad Salihovic,Sejad,Salihovic,Bosnia and Herzegovina,90644,-1,-1,-1,-1,-1,-1,-1,-1,-1,-1,-1,-1,-1,-1,-1,-1,-1,-1,-1,-1,-1,-1,-1,-1,-1,-1,-1,-1,-1,-1,0.27,-1,0.33,-1,0.22,0,0.28,0.5,0.14,0.14,0.17,0,0.41,0.17,0.33,0,0.37,0,0.15,0,-1,0,0,-1,0.1,-1,-1,-1,-1,-1
Edin Viš?a,Edin,Viš?a,Bosnia and Herzegovina,49860,-1,-1,-1,-1,-1,-1,-1,-1,-1,-1,-1,-1,-1,-1,-1,-1,-1,-1,-1,-1,-1,-1,-1,-1,-1,-1,-1,-1,-1,-1,-1,-1,-1,-1,-1,-1,-1,-1,-1,0,0,-1,0.12,-1,0.11,0,0.29,0,0.23,-1,0.41,0.17,0.23,0,0.35,0.46,0.36,0,0.43,0.22
Dimitar Berbatov,Dimitar,Berbatov,Bulgaria,113639,-1,-1,-1,-1,-1,-1,-1,-1,-1,-1,-1,-1,-1,-1,-1,-1,-1,0,-1,-1,-1,-1,-1,0.6,-1,-1,-1,0.54,-1,1.5,0.62,0.78,0.42,-1,0.56,0.55,0.32,1,0.29,0.56,0.49,-1,0.45,-1,0.43,-1,0.41,-1,0.24,-1,0.2,-1,0,-1,-1,-1,-1,-1,-1,-1
Stanislav Manolev,Stanislav,Manolev,Bulgaria,1060,-1,-1,-1,-1,-1,-1,-1,-1,-1,-1,-1,-1,-1,-1,-1,-1,-1,-1,-1,-1,-1,-1,-1,-1,-1,-1,-1,-1,-1,-1,-1,-1,-1,-1,-1,-1,0,0,0.07,0,0,0,0.08,0,0.08,0.33,0.1,0.3,0.05,0,0,0,-1,0,0,0.17,0,-1,0,-1
Martin Petrov,Martin,Petrov,Bulgaria,114864,-1,-1,-1,-1,-1,-1,-1,-1,-1,-1,-1,-1,-1,-1,-1,-1,0.17,-1,0.29,0,0.34,-1,-1,0.17,-1,-1,-1,0.15,-1,0,0.03,0.38,0.15,-1,0.15,0.6,0.14,0,0.25,0.22,0.09,1,0.17,0,0.12,-1,0.16,-1,-1,-1,-1,-1,-1,-1,-1,-1,-1,-1,-1,-1
Ivelin Popov,Ivelin,Popov,Bulgaria,53530,-1,-1,-1,-1,-1,-1,-1,-1,-1,-1,-1,-1,-1,-1,-1,-1,-1,-1,-1,-1,-1,-1,-1,-1,-1,-1,-1,-1,-1,-1,-1,-1,-1,-1,-1,0,0.5,0,-1,0.18,0.15,1,0.14,0.23,0.35,0,0.24,0.17,0.16,0,0.19,0.15,0.08,1,0.13,0.27,0.11,0.12,0.22,0.14
Dimitar Rangelov,Dimitar,Rangelov,Bulgaria,26230,-1,-1,-1,-1,-1,-1,-1,-1,-1,-1,-1,-1,-1,-1,-1,-1,-1,-1,-1,-1,-1,-1,-1,-1,-1,-1,-1,-1,-1,-1,-1,-1,0.31,-1,0.27,-1,0.33,0.5,0.07,0.1,0,0,0.39,0,0.07,-1,0.5,0.17,0.23,-1,0.14,0.25,0.19,-1,0.33,0.5,0.28,-1,0.48,-1
Chavdar Yankov,Chavdar,Yankov,Bulgaria,242429,-1,-1,-1,-1,-1,-1,-1,-1,-1,-1,-1,-1,-1,-1,-1,-1,-1,-1,-1,-1,-1,-1,-1,-1,-1,-1,-1,0,-1,2,0.18,0.2,0.07,-1,0,0.11,0,0,0.1,0,0,0,0,0,0,-1,0.2,-1,0,-1,-1,-1,-1,-1,-1,-1,-1,-1,-1,-1
Marcelo Brozovic,Marcelo,Brozovic,Croatia,201,-1,-1,-1,-1,-1,-1,-1,-1,-1,-1,-1,-1,-1,-1,-1,-1,-1,-1,-1,-1,-1,-1,-1,-1,-1,-1,-1,-1,-1,-1,-1,-1,-1,-1,-1,-1,-1,-1,-1,-1,0.05,-1,0.15,-1,0.09,-1,0.2,0,0.1,1,0.19,0.19,0.22,0,0.12,0.1,0.07,0,0.06,0
Eduardo da Silva,Eduardo,da Silva,Croatia,80360,-1,-1,-1,-1,-1,-1,-1,-1,-1,-1,-1,-1,-1,-1,-1,-1,-1,-1,-1,-1,-1,-1,-1,-1,-1,-1,-1,0,-1,0,0.69,0.33,1.03,0.33,0.3,0.77,0.75,1,0.22,0.43,0.36,0.5,0.32,0.33,0.15,1,0.41,0.18,0.21,-1,0.44,0,0.12,-1,0,-1,0,-1,-1,-1
Nikica Jelavi?,Nikica,Jelavi?,Croatia,12464,-1,-1,-1,-1,-1,-1,-1,-1,-1,-1,-1,-1,-1,-1,-1,-1,-1,-1,-1,-1,-1,-1,-1,-1,-1,-1,-1,-1,-1,-1,-1,-1,-1,-1,0.13,-1,0.19,0.5,0.56,0.25,0.74,0,0.65,0.07,0.19,0.5,0.27,0.18,0.28,-1,0.15,0,0.58,-1,0.28,-1,0.54,-1,-1,-1
Nikola Kalini?,Nikola,Kalini?,Croatia,57,-1,-1,-1,-1,-1,-1,-1,-1,-1,-1,-1,-1,-1,-1,-1,-1,-1,-1,-1,-1,-1,-1,-1,-1,-1,-1,-1,-1,-1,-1,0,-1,0.38,-1,0.68,0,0.5,-1,0.21,0,0.3,0.67,0.48,0.43,0.28,0.5,0.3,0,0.4,1,0.35,0.56,0.49,0,0.14,0.27,0.17,-1,0.26,-1
Andrej Kramari?,Andrej,Kramari?,Croatia,726,-1,-1,-1,-1,-1,-1,-1,-1,-1,-1,-1,-1,-1,-1,-1,-1,-1,-1,-1,-1,-1,-1,-1,-1,-1,-1,-1,-1,-1,-1,-1,-1,-1,-1,-1,-1,-1,-1,0.24,-1,0.07,-1,0.36,-1,0.47,-1,0.57,0,0.69,0,0.3,0.33,0.5,0,0.31,0.22,0.59,0.5,0.57,0.33
Niko Kranj?ar,Niko,Kranj?ar,Croatia,104745,-1,-1,-1,-1,-1,-1,-1,-1,-1,-1,-1,-1,-1,-1,-1,-1,-1,-1,-1,-1,-1,-1,-1,-1,-1,-1,-1,0,-1,0.33,0.29,0.1,0.17,0,0.12,0.15,0.17,0.33,0.24,0.38,0.1,0,0.06,0.29,0.19,0,0.06,0.17,0.09,-1,0,-1,0.33,-1,0,-1,-1,-1,-1,-1
Mario Mandžuki?,Mario,Mandžuki?,Croatia,878,-1,-1,-1,-1,-1,-1,-1,-1,-1,-1,-1,-1,-1,-1,-1,-1,-1,-1,-1,-1,-1,-1,-1,-1,-1,-1,-1,-1,-1,-1,0.11,-1,0.48,-1,0.38,0,0.47,0,0.5,0.17,0.36,0,0.36,0.35,0.54,0.5,0.52,0.44,0.47,1,0.38,0.4,0.22,0,0.24,0.42,0.29,-1,0.14,-1
Luka Modric,Luka,Modric,Croatia,754,-1,-1,-1,-1,-1,-1,-1,-1,-1,-1,-1,-1,-1,-1,-1,-1,-1,-1,-1,-1,-1,-1,-1,-1,-1,-1,-1,-1,-1,-1,0.25,0.12,0.18,0.5,0.48,0.11,0.12,0,0.09,0.27,0.09,0,0.12,0.07,0.08,0,0.04,0,0.04,-1,0.07,0.21,0.03,0,0.05,0.14,0.07,0,0.11,0.22
Ivica Oli?,Ivica,Oli?,Croatia,90712,-1,-1,-1,-1,-1,-1,-1,-1,-1,-1,-1,-1,-1,-1,-1,-1,-1,-1,-1,-1,-1,-1,-1,0.29,-1,0.25,-1,0.2,0.5,0,0.38,0,0.35,1,0.5,0.12,0.42,0,0.46,0.3,0,0,0.14,0.25,0.35,0,0.41,0.29,0.19,0,0.1,0.12,0.16,-1,-1,-1,-1,-1,-1,-1
Ivan Perisic,Ivan,Perisic,Croatia,207,-1,-1,-1,-1,-1,-1,-1,-1,-1,-1,-1,-1,-1,-1,-1,-1,-1,-1,-1,-1,-1,-1,-1,-1,-1,-1,-1,-1,-1,-1,-1,-1,-1,-1,-1,-1,0.29,-1,0.33,-1,0.48,0,0.23,0,0.15,0,0.29,0.31,0.19,0,0.27,0.59,0.24,0,0.28,0.32,0.19,0.17,0.21,0.33
Bruno Petkovic,Bruno,Petkovic,Croatia,1331,-1,-1,-1,-1,-1,-1,-1,-1,-1,-1,-1,-1,-1,-1,-1,-1,-1,-1,-1,-1,-1,-1,-1,-1,-1,-1,-1,-1,-1,-1,-1,-1,-1,-1,-1,-1,-1,-1,-1,-1,-1,-1,-1,-1,0,-1,0,-1,0.1,-1,0.24,-1,0.1,-1,0,-1,0.32,1,0.32,0.5
Mladen Petri?,Mladen,Petri?,Croatia,114793,-1,-1,-1,-1,-1,-1,-1,-1,-1,-1,-1,-1,-1,-1,-1,-1,-1,-1,0,-1,0.19,0,0.22,0.5,0.43,-1,-1,0,-1,-1,0.47,0,0.76,0.5,0.45,0.39,0.46,0,0.47,0.22,0.54,0,0.29,0.25,0.21,1,0.07,0,0.2,-1,0.19,-1,-1,-1,-1,-1,-1,-1,-1,-1
Ivan Rakitic,Ivan,Rakitic,Croatia,149,-1,-1,-1,-1,-1,-1,-1,-1,-1,-1,-1,-1,-1,-1,-1,-1,-1,-1,-1,-1,-1,-1,-1,-1,-1,-1,-1,-1,-1,-1,0,-1,0.33,0,0.08,0.27,0.07,0.5,0.21,0.29,0.17,0,0.03,0,0.26,0,0.27,0.06,0.17,-1,0.17,0.2,0.18,0,0.07,0.16,0.12,0,0.02,0
Darijo Srna,Darijo,Srna,Croatia,30557,-1,-1,-1,-1,-1,-1,-1,-1,-1,-1,-1,-1,-1,-1,-1,-1,-1,-1,-1,-1,-1,-1,-1,0,-1,0,-1,0.13,-1,0.33,0,0.41,0,0.67,0,0.31,0.12,0.33,0.08,0,0.11,0,0.09,0.06,0.1,0.25,0.16,0.06,0.14,0,0.12,0.06,0.03,-1,0,-1,0,-1,-1,-1
Nikola Vlasic,Nikola,Vlasic,Croatia,842,-1,-1,-1,-1,-1,-1,-1,-1,-1,-1,-1,-1,-1,-1,-1,-1,-1,-1,-1,-1,-1,-1,-1,-1,-1,-1,-1,-1,-1,-1,-1,-1,-1,-1,-1,-1,-1,-1,-1,-1,-1,-1,-1,-1,-1,-1,-1,-1,0.12,-1,0.06,-1,0.11,0,0.16,0,0.26,0,0.34,0.5
Antonín Barák,Antonín,Barák,Czech Republic,30803,-1,-1,-1,-1,-1,-1,-1,-1,-1,-1,-1,-1,-1,-1,-1,-1,-1,-1,-1,-1,-1,-1,-1,-1,-1,-1,-1,-1,-1,-1,-1,-1,-1,-1,-1,-1,-1,-1,-1,-1,-1,-1,-1,-1,0,-1,0,-1,0,-1,0.35,1,0.15,0.5,0.21,0.6,0,0,0.11,0
Milan Baroš,Milan,Baroš,Czech Republic,66078,-1,-1,-1,-1,-1,-1,-1,-1,-1,-1,-1,-1,-1,-1,-1,-1,-1,-1,-1,-1,-1,0.5,-1,0.55,0.5,1,0.08,0.75,0.35,0,0.3,0.39,0.17,0,0.12,0.31,0.6,0.5,0.7,0.5,0.52,0,0.28,0.21,0.42,-1,0.25,-1,0.18,-1,0.38,-1,0.21,-1,0.37,-1,0.39,-1,0.08,-1
Vladimír Darida,Vladimír,Darida,Czech Republic,25348,-1,-1,-1,-1,-1,-1,-1,-1,-1,-1,-1,-1,-1,-1,-1,-1,-1,-1,-1,-1,-1,-1,-1,-1,-1,-1,-1,-1,-1,-1,-1,-1,-1,-1,-1,-1,-1,-1,0,-1,0,-1,0.14,0,0.21,0,0.18,0,0.21,0,0.2,0.05,0.07,0,0,0.33,0,0.5,0.12,0.29
Borek Dockal,Borek,Dockal,Czech Republic,55875,-1,-1,-1,-1,-1,-1,-1,-1,-1,-1,-1,-1,-1,-1,-1,-1,-1,-1,-1,-1,-1,-1,-1,-1,-1,-1,-1,-1,-1,-1,-1,-1,-1,-1,-1,-1,0.17,-1,0.14,-1,0.11,-1,0.34,1,0.32,0,0.14,0.14,0.27,0,0.27,0.29,0.2,0,0.14,0,0,0,0.06,0
Michal Kadlec,Michal,Kadlec,Czech Republic,66090,-1,-1,-1,-1,-1,-1,-1,-1,-1,-1,-1,-1,-1,-1,-1,-1,-1,-1,-1,-1,-1,-1,-1,-1,-1,-1,-1,-1,-1,-1,0,-1,0,-1,0.1,0.12,0.18,0,0.04,0,0.12,0.4,0.05,0.28,0.06,0,0.15,0,0.09,0,0,0,0.07,-1,0,0,0,-1,0,-1
Michal Krmen?ík,Michal,Krmen?ík,Czech Republic,820,-1,-1,-1,-1,-1,-1,-1,-1,-1,-1,-1,-1,-1,-1,-1,-1,-1,-1,-1,-1,-1,-1,-1,-1,-1,-1,-1,-1,-1,-1,-1,-1,-1,-1,-1,-1,-1,-1,-1,-1,0,-1,0,-1,1,-1,0.25,-1,0.15,-1,0.36,0,0.35,0.5,0.65,0.4,0.56,0.25,0.47,0
David Lafata,David,Lafata,Czech Republic,105715,-1,-1,-1,-1,-1,-1,-1,-1,-1,-1,-1,-1,-1,-1,-1,-1,-1,-1,-1,-1,-1,-1,-1,-1,-1,-1,-1,-1,-1,-1,0.13,0,0.41,0,0.17,1,0.32,0,0.44,0,0.63,0,0.82,0.33,0.72,1,0.53,0.14,0.77,-1,0.67,0.18,0.42,-1,0.2,-1,0,-1,-1,-1
Václav Pilar,Václav,Pilar,Czech Republic,66281,-1,-1,-1,-1,-1,-1,-1,-1,-1,-1,-1,-1,-1,-1,-1,-1,-1,-1,-1,-1,-1,-1,-1,-1,-1,-1,-1,-1,-1,-1,-1,-1,-1,-1,-1,-1,-1,-1,-1,-1,0.11,0,0.24,0.27,0,-1,0,0,0.16,0,0,0.33,0,-1,0.12,-1,0.08,-1,0.18,-1
Jan Polák,Jan,Polák,Czech Republic,66607,-1,-1,-1,-1,-1,-1,-1,-1,-1,-1,-1,-1,-1,-1,-1,-1,-1,-1,-1,-1,-1,-1,-1,-1,-1,-1,-1,-1,-1,0.5,0.03,0.21,0.1,0,0.1,0.06,0.1,0,0,0.12,0.08,0,0,0,0.03,-1,0,-1,0,-1,0.12,-1,0.08,-1,0.04,-1,-1,-1,-1,-1
Tomás Rosicky,Tomás,Rosicky,Czech Republic,105800,-1,-1,-1,-1,-1,-1,-1,-1,-1,-1,-1,-1,-1,-1,-1,-1,-1,-1,-1,0,-1,0,-1,0.31,-1,0.5,-1,0.19,-1,-1,0.18,0.53,0.12,0,0.3,0.2,0,-1,0.09,0,0.03,0.5,0.05,0,0.19,0,0.07,0.29,0.13,-1,0,0.1,0,-1,0.08,-1,-1,-1,-1,-1
Patrik Schick,Patrik,Schick,Czech Republic,794,-1,-1,-1,-1,-1,-1,-1,-1,-1,-1,-1,-1,-1,-1,-1,-1,-1,-1,-1,-1,-1,-1,-1,-1,-1,-1,-1,-1,-1,-1,-1,-1,-1,-1,-1,-1,-1,-1,-1,-1,-1,-1,-1,-1,-1,-1,0,-1,0.14,-1,0.29,1,0.36,0,0.25,0,0.14,0.5,0.36,0.67
Tomás Sivok,Tomás,Sivok,Czech Republic,105277,-1,-1,-1,-1,-1,-1,-1,-1,-1,-1,-1,-1,-1,-1,-1,-1,-1,-1,-1,-1,-1,-1,-1,-1,-1,-1,-1,-1,-1,-1,0.18,0,0.13,0,0.06,0,0.05,0,0.05,0.2,0.1,0.25,0.15,0.06,0.17,0,0.13,0,0,1,0.07,0.08,0.04,0,0.12,0,-1,-1,0.1,-1
Matej Vydra,Matej,Vydra,Czech Republic,18930,-1,-1,-1,-1,-1,-1,-1,-1,-1,-1,-1,-1,-1,-1,-1,-1,-1,-1,-1,-1,-1,-1,-1,-1,-1,-1,-1,-1,-1,-1,-1,-1,-1,-1,-1,-1,-1,-1,0.29,-1,0,-1,0,0,0.47,0,0.15,0.5,0.36,-1,0.24,0.2,0.13,0,0.5,0,0.12,0,0.09,0
Daniel Agger,Daniel,Agger,Denmark,114778,-1,-1,-1,-1,-1,-1,-1,-1,-1,-1,-1,-1,-1,-1,-1,-1,-1,-1,-1,-1,-1,-1,-1,-1,-1,-1,-1,-1,-1,0,0,0.2,0.08,0,0,0,0.04,0,0.03,0.07,0,0.5,0.06,0.1,0.08,0,0.08,0.46,0.05,0,0.04,0,-1,-1,-1,-1,-1,-1,-1,-1
Nicklas Bendtner,Nicklas,Bendtner,Denmark,1187,-1,-1,-1,-1,-1,-1,-1,-1,-1,-1,-1,-1,-1,-1,-1,-1,-1,-1,-1,-1,-1,-1,-1,-1,-1,-1,-1,-1,-1,-1,0,0.67,0.26,0.5,0.21,0.27,0.25,0,0.39,0.38,0.25,0.4,0.26,0.54,0,0,0.14,0.5,0.18,0.75,0.17,0.2,0.45,-1,0.32,0.14,0.19,-1,0.12,-1
Martin Braithwaite,Martin,Braithwaite,Denmark,2737,-1,-1,-1,-1,-1,-1,-1,-1,-1,-1,-1,-1,-1,-1,-1,-1,-1,-1,-1,-1,-1,-1,-1,-1,-1,-1,-1,-1,-1,-1,-1,-1,-1,-1,-1,-1,-1,-1,0,-1,0,-1,0,-1,0.29,0.5,0.28,0,0.17,0,0.34,0,0.33,0,0.29,0.1,0.2,0.33,0.23,0.33
Andreas Cornelius,Andreas,Cornelius,Denmark,1274,-1,-1,-1,-1,-1,-1,-1,-1,-1,-1,-1,-1,-1,-1,-1,-1,-1,-1,-1,-1,-1,-1,-1,-1,-1,-1,-1,-1,-1,-1,-1,-1,-1,-1,-1,-1,-1,-1,-1,-1,-1,-1,0,-1,0.45,1,0.22,0.17,0.22,-1,0.16,1,0.43,0,0.19,0.17,0.12,0,0.44,0.33
Thomas Delaney,Thomas,Delaney,Denmark,15,-1,-1,-1,-1,-1,-1,-1,-1,-1,-1,-1,-1,-1,-1,-1,-1,-1,-1,-1,-1,-1,-1,-1,-1,-1,-1,-1,-1,-1,-1,-1,-1,-1,-1,-1,-1,-1,-1,0.08,-1,0.05,-1,0.04,-1,0.03,-1,0.07,0,0.07,0,0.16,0,0.28,0,0.08,0.2,0.12,0,0,0.12
Kasper Dolberg,Kasper,Dolberg,Denmark,550,-1,-1,-1,-1,-1,-1,-1,-1,-1,-1,-1,-1,-1,-1,-1,-1,-1,-1,-1,-1,-1,-1,-1,-1,-1,-1,-1,-1,-1,-1,-1,-1,-1,-1,-1,-1,-1,-1,-1,-1,-1,-1,-1,-1,-1,-1,-1,-1,0,-1,-1,0,0.48,0,0.28,0.14,0.31,0.5,0.39,0.4
Christian Eriksen,Christian,Eriksen,Denmark,174,-1,-1,-1,-1,-1,-1,-1,-1,-1,-1,-1,-1,-1,-1,-1,-1,-1,-1,-1,-1,-1,-1,-1,-1,-1,-1,-1,-1,-1,-1,-1,-1,-1,-1,-1,-1,-1,-1,0.05,0,0.17,0.2,0.19,0.06,0.29,0.5,0.3,0.08,0.25,0.25,0.17,0.23,0.26,1,0.3,0.68,0.2,0.6,0.16,0.67
Dennis Rommedahl,Dennis,Rommedahl,Denmark,117966,-1,-1,-1,-1,-1,-1,-1,-1,-1,-1,-1,-1,-1,-1,-1,-1,-1,-1,-1,2,-1,0,-1,0.24,-1,0,-1,0.12,0.08,0.5,0.1,0.17,0,0,0.12,0.24,0,0,0.23,0.11,0.09,0,0.14,0.23,0.13,0,0,0,0,-1,-1,-1,-1,-1,-1,-1,-1,-1,-1,-1
Jon Dahl Tomasson,Jon Dahl,Tomasson,Denmark,117965,-1,-1,-1,-1,-1,-1,-1,-1,0.31,-1,0.47,-1,0.56,-1,0.13,0,0.39,0,0.36,0.57,0.48,0.33,0.57,0.58,0.2,0.5,0.46,0.56,0.2,0.5,0.31,0.53,0.27,0.67,0.28,0.53,0.62,0,0.43,0.09,0,-1,-1,-1,-1,-1,-1,-1,-1,-1,-1,-1,-1,-1,-1,-1,-1,-1,-1,-1
Joe Cole,Joe,Cole,England,102748,-1,-1,-1,-1,-1,-1,-1,-1,-1,-1,-1,-1,-1,-1,-1,-1,-1,-1,-1,-1,-1,0,-1,0,-1,0.5,0.03,0,0.29,0,0.2,0.24,0.05,0,0.2,0.2,0.15,-1,0.05,0.4,0.09,-1,0.21,-1,0.18,-1,0.12,-1,0.07,-1,0.08,-1,0,-1,0,-1,-1,-1,-1,-1
Peter Crouch,Peter,Crouch,England,18928,-1,-1,-1,-1,-1,-1,-1,-1,-1,-1,-1,-1,-1,-1,-1,-1,-1,-1,-1,-1,-1,-1,-1,-1,-1,-1,0.25,-1,0.46,0,0.2,0.8,0.35,0.25,0.3,0.38,0.32,0,0.28,0.89,0.24,-1,0.34,0,0.21,-1,0.24,-1,0.26,-1,0.11,-1,0.34,-1,0.18,-1,0.06,-1,0,-1
Jermain Defoe,Jermain,Defoe,England,1758,-1,-1,-1,-1,-1,-1,-1,-1,-1,-1,-1,-1,-1,-1,-1,-1,-1,-1,-1,-1,-1,-1,-1,-1,0,-1,0.5,0,0.37,0,0.25,0.1,0.29,0,0.42,0.36,0.41,1,0.56,0.4,0.3,0,0.45,0.8,0.35,0,0.45,0.75,0.21,-1,0.53,-1,0.38,0,0.15,0.5,0.32,-1,0.53,-1
Steven Gerrard,Steven,Gerrard,England,105426,-1,-1,-1,-1,-1,-1,-1,-1,-1,-1,-1,-1,-1,-1,-1,-1,-1,0,-1,-1,-1,0,-1,0,-1,0.2,0.26,0.31,0.34,0,0.42,0.37,0.25,0.25,0.4,0.09,0.33,0.5,0.52,0.24,0.42,0.5,0.33,0.33,0.36,0.4,0.15,0.4,0.21,-1,-1,-1,-1,-1,-1,-1,-1,-1,-1,-1
Harry Kane,Harry,Kane,England,184,-1,-1,-1,-1,-1,-1,-1,-1,-1,-1,-1,-1,-1,-1,-1,-1,-1,-1,-1,-1,-1,-1,-1,-1,-1,-1,-1,-1,-1,-1,-1,-1,-1,-1,-1,-1,-1,-1,-1,-1,0.28,-1,0.3,-1,0.1,-1,0.21,-1,0.61,0,0.59,0.38,0.93,2,0.85,0.86,0.6,0.17,0.71,1.5
Frank Lampard,Frank,Lampard,England,105426,-1,-1,-1,-1,-1,-1,-1,-1,-1,-1,-1,-1,-1,-1,-1,-1,-1,0,-1,-1,-1,0,-1,0,-1,0.2,0.26,0.31,0.34,0,0.42,0.37,0.25,0.25,0.4,0.09,0.33,0.5,0.52,0.24,0.42,0.5,0.33,0.33,0.36,0.4,0.15,0.4,0.21,-1,-1,-1,-1,-1,-1,-1,-1,-1,-1,-1
Michael Owen,Michael,Owen,England,114815,-1,-1,-1,-1,-1,-1,-1,-1,-1,-1,-1,-1,-1,-1,-1,0.4,-1,0,-1,0.42,-1,0,-1,0.62,-1,0.25,0.55,0.5,-1,1.25,0.64,0.36,0,0,0.38,0.67,0.27,-1,0.3,-1,0.31,-1,0.75,-1,0.11,-1,-1,-1,-1,-1,-1,-1,-1,-1,-1,-1,-1,-1,-1,-1
Alex Oxlade-Chamberlain,Alex,Oxlade-Chamberlain,England,297,-1,-1,-1,-1,-1,-1,-1,-1,-1,-1,-1,-1,-1,-1,-1,-1,-1,-1,-1,-1,-1,-1,-1,-1,-1,-1,-1,-1,-1,-1,-1,-1,-1,-1,-1,-1,-1,-1,0,-1,0.25,-1,0.15,0,0.06,0.33,0.15,0.33,0.08,0,0.08,0.14,0.12,0,0.11,0.14,0,-1,0.2,0.33
Marcus Rashford,Marcus,Rashford,England,909,-1,-1,-1,-1,-1,-1,-1,-1,-1,-1,-1,-1,-1,-1,-1,-1,-1,-1,-1,-1,-1,-1,-1,-1,-1,-1,-1,-1,-1,-1,-1,-1,-1,-1,-1,-1,-1,-1,-1,-1,-1,-1,-1,-1,-1,-1,-1,-1,-1,-1,0.4,0.25,0.23,0,0.25,0.15,0.3,0.6,0.49,0.5
Wayne Rooney,Wayne,Rooney,England,50773,-1,-1,-1,-1,-1,-1,-1,-1,-1,-1,-1,-1,-1,-1,-1,-1,-1,-1,-1,-1,-1,-1,-1,-1,0,0.33,0.25,0.53,0.38,0.67,0.39,0.08,0.42,-1,0.43,0.2,0.36,0.5,0.77,0.53,0.41,0,0.81,0.4,0.43,0.33,0.5,0.8,0.38,0.25,0.4,0.64,0.21,-1,0.38,0,0.42,-1,0.25,-1
Raheem Sterling,Raheem,Sterling,England,645,-1,-1,-1,-1,-1,-1,-1,-1,-1,-1,-1,-1,-1,-1,-1,-1,-1,-1,-1,-1,-1,-1,-1,-1,-1,-1,-1,-1,-1,-1,-1,-1,-1,-1,-1,-1,-1,-1,-1,-1,-1,-1,0,0,0.06,-1,0.26,0,0.21,0,0.23,0.13,0.22,0,0.5,0,0.51,0.4,0.59,1.14
Daniel Sturridge,Daniel,Sturridge,England,308,-1,-1,-1,-1,-1,-1,-1,-1,-1,-1,-1,-1,-1,-1,-1,-1,-1,-1,-1,-1,-1,-1,-1,-1,-1,-1,-1,-1,-1,-1,-1,-1,0,-1,0.33,-1,0.16,-1,0.25,-1,0.42,0,0.32,0,0.48,0,0.74,0.45,0.28,0,0.5,0.2,0.26,0,0.24,0.4,0.15,-1,0.41,-1
Jamie Vardy,Jamie,Vardy,England,18788,-1,-1,-1,-1,-1,-1,-1,-1,-1,-1,-1,-1,-1,-1,-1,-1,-1,-1,-1,-1,-1,-1,-1,-1,-1,-1,-1,-1,-1,-1,-1,-1,-1,-1,-1,-1,-1,-1,-1,-1,0,-1,0.5,-1,0.17,-1,0.39,-1,0.14,0,0.63,0.45,0.32,0,0.55,0.18,0.5,-1,0.57,-1
Theo Walcott,Theo,Walcott,England,18769,-1,-1,-1,-1,-1,-1,-1,-1,-1,-1,-1,-1,-1,-1,-1,-1,-1,-1,-1,-1,-1,-1,-1,-1,-1,-1,-1,-1,-1,-1,0.19,0,0,-1,0.18,0,0.17,-1,0.13,0.27,0.34,0,0.24,0.08,0.49,0.25,0.33,0,0.33,0,0.24,0.5,0.49,0,0.24,0,0.15,-1,0.07,-1
Danny Welbeck,Danny,Welbeck,England,1469,-1,-1,-1,-1,-1,-1,-1,-1,-1,-1,-1,-1,-1,-1,-1,-1,-1,-1,-1,-1,-1,-1,-1,-1,-1,-1,-1,-1,-1,-1,-1,-1,-1,-1,0,-1,0.38,-1,0.15,-1,0.21,0,0.32,0.38,0.05,0.5,0.31,0.25,0.22,0,0.33,1,0.17,0,0.24,0.29,0.36,0,0.15,-1
Nicolas Anelka,Nicolas,Anelka,France,114772,-1,-1,-1,-1,-1,-1,-1,-1,-1,-1,-1,-1,-1,-1,-1,-1,-1,2,-1,0.08,-1,0.14,-1,0,-1,-1,0.5,-1,0.37,0.5,0.32,0,0.3,0,0.3,0.25,0.46,0,0.34,0.21,0.36,-1,0.11,-1,0,-1,0.17,-1,-1,-1,-1,-1,-1,-1,-1,-1,-1,-1,-1,-1
Karim Benzema,Karim,Benzema,France,759,-1,-1,-1,-1,-1,-1,-1,-1,-1,-1,-1,-1,-1,-1,-1,-1,-1,-1,-1,-1,-1,-1,-1,-1,-1,-1,-1,-1,-1,-1,0.14,-1,0.44,0.33,0.56,0.31,0.5,0.33,0.27,0.3,0.54,0.17,0.62,0.31,0.42,0.25,0.45,0.41,0.5,0.5,0.78,-1,0.37,-1,0.27,-1,0.57,-1,0.56,-1
Olivier Giroud,Olivier,Giroud,France,2295,-1,-1,-1,-1,-1,-1,-1,-1,-1,-1,-1,-1,-1,-1,-1,-1,-1,-1,-1,-1,-1,-1,-1,-1,-1,-1,-1,-1,-1,-1,0,-1,0.12,-1,-1,-1,0.35,-1,0.57,-1,0.33,0,0.6,0.1,0.36,0.4,0.43,0.33,0.51,0.4,0.46,0.67,0.4,1,0.28,0.32,0.32,0.25,0.38,0.73
Sidney Govou,Sidney,Govou,France,21881,-1,-1,-1,-1,-1,-1,-1,-1,-1,-1,-1,-1,-1,-1,-1,-1,-1,-1,-1,-1,-1,-1,-1,0,-1,0.25,-1,0.25,-1,0,0.14,0,0.17,0.5,0.2,0.5,0.11,0,0.07,0.08,0.12,-1,0.09,-1,0,-1,0,-1,0,-1,-1,-1,-1,-1,-1,-1,-1,-1,-1,-1
Antoine Griezmann,Antoine,Griezmann,France,56,-1,-1,-1,-1,-1,-1,-1,-1,-1,-1,-1,-1,-1,-1,-1,-1,-1,-1,-1,-1,-1,-1,-1,-1,-1,-1,-1,-1,-1,-1,-1,-1,-1,-1,-1,-1,-1,-1,0.15,-1,0.18,-1,0.21,-1,0.31,-1,0.4,0.36,0.49,0.1,0.59,0.64,0.46,0.5,0.59,0.38,0.43,0.6,0.31,0.36
Thierry Henry,Thierry,Henry,France,114876,-1,-1,-1,-1,-1,-1,-1,-1,-1,-1,-1,-1,-1,-1,-1,0.5,-1,-1,-1,0.38,-1,0.43,-1,0.12,-1,0.78,0.81,0.5,0.78,0.5,0.74,0.44,0.46,0.5,0.38,0.56,0.61,0,0.15,0.24,0.52,-1,0.53,-1,0.31,-1,0.28,-1,0,-1,-1,-1,-1,-1,-1,-1,-1,-1,-1,-1
Blaise Matuidi,Blaise,Matuidi,France,869,-1,-1,-1,-1,-1,-1,-1,-1,-1,-1,-1,-1,-1,-1,-1,-1,-1,-1,-1,-1,-1,-1,-1,-1,-1,-1,-1,-1,-1,-1,0.03,-1,0.18,-1,0,-1,0.06,-1,0.03,-1,0,0,0.03,0,0.15,0,0.13,0.18,0.09,0.22,0.11,0.18,0.13,0,0.08,0.06,0.07,0,0.02,0
Kylian Mbappé,Kylian,Mbappé,France,278,-1,-1,-1,-1,-1,-1,-1,-1,-1,-1,-1,-1,-1,-1,-1,-1,-1,-1,-1,-1,-1,-1,-1,-1,-1,-1,-1,-1,-1,-1,-1,-1,-1,-1,-1,-1,-1,-1,-1,-1,-1,-1,-1,-1,-1,-1,-1,-1,-1,-1,0.07,-1,0.59,0,0.47,0.45,0.89,0.2,0.82,0.67
Dimitri Payet,Dimitri,Payet,France,1912,-1,-1,-1,-1,-1,-1,-1,-1,-1,-1,-1,-1,-1,-1,-1,-1,-1,-1,-1,-1,-1,-1,-1,-1,-1,-1,-1,-1,-1,-1,0.33,-1,0.25,-1,0,-1,0.17,-1,0.07,0,0.38,-1,0.14,0,0.25,0,0.18,0,0.18,0.25,0.31,0.38,0.21,0,0.21,0.22,0.16,0,0.43,-1
Paul Pogba,Paul,Pogba,France,904,-1,-1,-1,-1,-1,-1,-1,-1,-1,-1,-1,-1,-1,-1,-1,-1,-1,-1,-1,-1,-1,-1,-1,-1,-1,-1,-1,-1,-1,-1,-1,-1,-1,-1,-1,-1,-1,-1,-1,-1,0,-1,0,-1,0.14,0,0.16,0.24,0.26,0,0.21,0.08,0.16,0,0.16,0.21,0.32,0,0.05,0
Franck Ribéry,Franck,Ribéry,France,515,-1,-1,-1,-1,-1,-1,-1,-1,-1,-1,-1,-1,-1,-1,-1,-1,-1,-1,-1,-1,-1,-1,-1,-1,-1,-1,-1,-1,0.06,-1,0.17,0.09,0.42,0,0.5,0.16,0.39,0,0.23,0.23,0.34,0,0.34,0.2,0.26,0.33,0.4,0.45,0.36,-1,0.16,-1,0.18,-1,0.24,-1,0.18,-1,0.14,-1
David Trezeguet,David,Trezeguet,France,117095,-1,-1,-1,-1,-1,-1,-1,-1,-1,-1,-1,-1,-1,-1,-1,0.17,-1,-1,-1,0.5,-1,0.71,-1,0.43,-1,0.67,-1,0.58,-1,0.33,0.71,0.25,0.48,0,0.56,0.5,0.08,-1,0.37,-1,0.38,-1,-1,-1,-1,-1,0.3,-1,-1,-1,-1,-1,-1,-1,-1,-1,-1,-1,-1,-1
Mathieu Valbuena,Mathieu,Valbuena,France,1367,-1,-1,-1,-1,-1,-1,-1,-1,-1,-1,-1,-1,-1,-1,-1,-1,-1,-1,-1,-1,-1,-1,-1,-1,-1,-1,-1,-1,-1,-1,-1,-1,0.25,-1,0.11,-1,0.07,-1,0.17,0.5,0.12,0,0.18,0.1,0.1,0.2,0.07,0.08,0.11,0.25,0.11,-1,0.24,-1,0.2,-1,0.12,-1,0.12,-1
Julian Draxler,Julian,Draxler,Germany,267,-1,-1,-1,-1,-1,-1,-1,-1,-1,-1,-1,-1,-1,-1,-1,-1,-1,-1,-1,-1,-1,-1,-1,-1,-1,-1,-1,-1,-1,-1,-1,-1,-1,-1,-1,-1,-1,-1,-1,-1,0.12,-1,0.11,0,0.33,0.33,0.16,0,0.11,0,0.26,0.1,0.25,0.12,0.11,0.2,0.12,0,0,0.33
Sèrge Gnabry,Sèrge,Gnabry,Germany,510,-1,-1,-1,-1,-1,-1,-1,-1,-1,-1,-1,-1,-1,-1,-1,-1,-1,-1,-1,-1,-1,-1,-1,-1,-1,-1,-1,-1,-1,-1,-1,-1,-1,-1,-1,-1,-1,-1,-1,-1,-1,-1,-1,-1,0,-1,0.07,-1,0,-1,0.6,0,0.41,0,0.38,2,0.3,0.33,0.51,1.14
Mario Gómez,Mario,Gómez,Germany,26314,-1,-1,-1,-1,-1,-1,-1,-1,-1,-1,-1,-1,-1,-1,-1,-1,-1,-1,-1,-1,-1,-1,-1,-1,-1,-1,-1,-1,-1,-1,0.2,-1,0.56,1,0.76,0.33,0.76,1,0.31,0.11,0.87,0.5,0.79,0.77,0.59,0,0.31,0,0.31,0,0.68,0.57,0.49,0,0.28,0.2,0.22,-1,0.29,-1
Leon Goretzka,Leon,Goretzka,Germany,511,-1,-1,-1,-1,-1,-1,-1,-1,-1,-1,-1,-1,-1,-1,-1,-1,-1,-1,-1,-1,-1,-1,-1,-1,-1,-1,-1,-1,-1,-1,-1,-1,-1,-1,-1,-1,-1,-1,-1,-1,-1,-1,-1,-1,0.11,-1,0.16,0,0,0,0.06,0,0.2,0.6,0.12,0.3,0.22,0.33,0.21,0.8
Mario Götze,Mario,Götze,Germany,16,-1,-1,-1,-1,-1,-1,-1,-1,-1,-1,-1,-1,-1,-1,-1,-1,-1,-1,-1,-1,-1,-1,-1,-1,-1,-1,-1,-1,-1,-1,-1,-1,-1,-1,-1,-1,-1,-1,0,0,0.2,0.14,0.28,0.11,0.37,0,0.35,0.56,0.33,0.5,0.26,0.21,0.14,0,0.07,0,0.24,-1,0.13,-1
Ilkay Gündo?an,Ilkay,Gündo?an,Germany,633,-1,-1,-1,-1,-1,-1,-1,-1,-1,-1,-1,-1,-1,-1,-1,-1,-1,-1,-1,-1,-1,-1,-1,-1,-1,-1,-1,-1,-1,-1,-1,-1,-1,-1,-1,-1,0.33,-1,0.08,-1,0.19,-1,0.11,0,0.09,0.5,0,0.5,0.12,0,0.09,0.33,0.29,0,0.12,0,0.12,0,0.1,0.43
Miroslav Klose,Miroslav,Klose,Germany,115068,-1,-1,-1,-1,-1,-1,-1,-1,-1,-1,-1,-1,-1,-1,-1,-1,-1,-1,-1,-1,-1,0,-1,0.65,-1,0,-1,0.37,-1,0,0.83,0.85,0.35,-1,0.56,0.5,0.5,0,0.16,0.69,0.19,0.33,0.43,0.67,0.44,0,0.29,0.54,0.4,-1,0.27,-1,-1,-1,-1,-1,-1,-1,-1,-1
Toni Kroos,Toni,Kroos,Germany,752,-1,-1,-1,-1,-1,-1,-1,-1,-1,-1,-1,-1,-1,-1,-1,-1,-1,-1,-1,-1,-1,-1,-1,-1,-1,-1,-1,-1,-1,-1,-1,-1,-1,-1,0.12,-1,0.13,-1,0.26,0,0.05,0.33,0.14,0,0.25,0,0.08,0.32,0.04,0,0.02,0.17,0.09,0,0.12,0.14,0.02,0.25,0.12,0.6
Thomas Müller,Thomas,Müller,Germany,522,-1,-1,-1,-1,-1,-1,-1,-1,-1,-1,-1,-1,-1,-1,-1,-1,-1,-1,-1,-1,-1,-1,-1,-1,-1,-1,-1,-1,-1,-1,-1,-1,-1,-1,0.33,-1,0.41,-1,0.37,0.62,0.38,0.29,0.21,0.16,0.48,0.67,0.54,0.48,0.43,0,0.65,0.5,0.19,0,0.37,0.38,0.2,0,0.27,-1
Mesut Özil,Mesut,Özil,Germany,1458,-1,-1,-1,-1,-1,-1,-1,-1,-1,-1,-1,-1,-1,-1,-1,-1,-1,-1,-1,-1,-1,-1,-1,-1,-1,-1,-1,-1,-1,-1,-1,-1,0,-1,0.04,-1,0.07,0.33,0.22,0.07,0.19,0.25,0.12,0.33,0.2,0,0.17,0.45,0.16,0,0.18,0.19,0.26,0,0.14,0.2,0.17,-1,0.04,-1
Lukas Podolski,Lukas,Podolski,Germany,33266,-1,-1,-1,-1,-1,-1,-1,-1,-1,-1,-1,-1,-1,-1,-1,-1,-1,-1,-1,-1,-1,-1,-1,-1,-1,-1,-1,-1,-1,-1,-1,-1,-1,-1,-1,-1,-1,-1,-1,-1,-1,-1,-1,-1,-1,-1,0,-1,0,-1,0,-1,0,-1,0.04,-1,0,-1,0,-1
Marco Reus,Marco,Reus,Germany,25,-1,-1,-1,-1,-1,-1,-1,-1,-1,-1,-1,-1,-1,-1,-1,-1,-1,-1,-1,-1,-1,-1,-1,-1,-1,-1,-1,-1,-1,-1,-1,-1,-1,-1,-1,-1,0.15,-1,0.23,-1,0.31,0,0.57,0.22,0.4,0,0.48,0.56,0.39,1,0.52,0.17,0.58,-1,0.47,0.17,0.55,0,0.48,0.5
André Schürrle,André,Schürrle,Germany,19031,-1,-1,-1,-1,-1,-1,-1,-1,-1,-1,-1,-1,-1,-1,-1,-1,-1,-1,-1,-1,-1,-1,-1,-1,-1,-1,-1,-1,-1,-1,-1,-1,-1,-1,-1,-1,-1,-1,0.15,0,0.44,0.4,0.23,0.42,0.33,0,0.2,0.62,0.14,0,0.33,0.23,0.27,0,0.1,2,0.24,-1,0.11,-1
Bastian Schweinsteiger,Bastian,Schweinsteiger,Germany,50914,-1,-1,-1,-1,-1,-1,-1,-1,-1,-1,-1,-1,-1,-1,-1,-1,-1,-1,-1,-1,-1,-1,-1,-1,-1,-1,-1,0,-1,0.31,0.08,0.43,0.17,0,0.03,0.32,0.17,0,0.06,0.26,0.18,0.33,0.14,0.1,0.2,-1,0.23,0,0.2,0,0.03,0.09,0.13,-1,0.14,0,0.03,-1,-1,-1
Timo Werner,Timo,Werner,Germany,1166,-1,-1,-1,-1,-1,-1,-1,-1,-1,-1,-1,-1,-1,-1,-1,-1,-1,-1,-1,-1,-1,-1,-1,-1,-1,-1,-1,-1,-1,-1,-1,-1,-1,-1,-1,-1,-1,-1,-1,-1,-1,-1,-1,-1,-1,-1,0.14,-1,0.09,-1,0.19,-1,0.66,0.57,0.47,0.33,0.51,0.2,0.76,0.4
Angelos Basinas,Angelos,Basinas,Greece,113866,-1,-1,-1,-1,-1,-1,-1,-1,-1,-1,-1,-1,-1,-1,-1,-1,-1,0.17,-1,0,-1,0.5,-1,0,-1,0,-1,0.06,-1,0,0,0.06,0,0,0.03,0.15,0,0,0,0,0,-1,-1,-1,-1,-1,-1,-1,-1,-1,-1,-1,-1,-1,-1,-1,-1,-1,-1,-1
Angelos Charisteas,Angelos,Charisteas,Greece,113873,-1,-1,-1,-1,-1,-1,-1,-1,-1,-1,-1,-1,-1,-1,-1,-1,-1,-1,-1,-1,-1,0.67,-1,0.33,-1,0,-1,0.37,-1,0,0.73,0.21,0.33,0,0.38,0.31,0.07,0,0.05,0.36,0.08,0,0.15,1,0.17,-1,0,-1,-1,-1,-1,-1,-1,-1,-1,-1,-1,-1,-1,-1
Kostas Fortounis,Kostas,Fortounis,Greece,1609,-1,-1,-1,-1,-1,-1,-1,-1,-1,-1,-1,-1,-1,-1,-1,-1,-1,-1,-1,-1,-1,-1,-1,-1,-1,-1,-1,-1,-1,-1,-1,-1,-1,-1,-1,-1,-1,-1,-1,-1,0,-1,0,0,0.12,0,0,0,0.27,0,0.27,0.25,0.13,-1,0.08,0.08,0.33,0.14,0,0.8
Theofanis Gekas,Theofanis,Gekas,Greece,105229,-1,-1,-1,-1,-1,-1,-1,-1,-1,-1,-1,-1,-1,-1,-1,-1,-1,-1,-1,-1,-1,-1,-1,-1,-1,-1,-1,-1,-1,0,0.47,0,0.66,0.5,0.45,0.44,0.12,0.5,0.27,0.59,0.49,0,0.63,0.18,0.54,-1,0.54,0.13,0.48,-1,0.55,0,0.28,-1,0,-1,-1,-1,-1,-1
Georgios Karagounis,Georgios,Karagounis,Greece,114780,-1,-1,-1,-1,-1,-1,-1,-1,-1,-1,-1,-1,-1,-1,-1,-1,-1,0,-1,0,-1,0,-1,0.2,-1,0,-1,0.08,-1,0,0.04,0.06,0.07,0,0.07,0.1,0.29,0,0.08,0,0,0.17,0.03,0.12,0.07,0,0.05,0.06,0,-1,-1,-1,-1,-1,-1,-1,-1,-1,-1,-1
Kostas Katsouranis,Kostas,Katsouranis,Greece,117941,-1,-1,-1,-1,-1,-1,-1,-1,-1,-1,-1,-1,-1,-1,-1,-1,-1,-1,-1,-1,-1,-1,-1,-1,-1,0,-1,0,-1,0,0.21,0.07,0.16,0.5,0.09,0.19,0.07,0,0.23,0.11,0.15,0.2,0.12,0,0.17,0,0.07,0.06,0,0,-1,0,-1,-1,-1,-1,-1,-1,-1,-1
Kostas Mitroglou,Kostas,Mitroglou,Greece,462,-1,-1,-1,-1,-1,-1,-1,-1,-1,-1,-1,-1,-1,-1,-1,-1,-1,-1,-1,-1,-1,-1,-1,-1,-1,-1,-1,-1,-1,-1,-1,-1,-1,-1,0,-1,0.2,-1,0.33,0,0,0,0.4,0.1,0.53,1,0.3,0.29,0.3,0,0.55,0.2,0.67,-1,0.43,0.55,0.15,0.2,0.17,0
Dimitris Salpingidis,Dimitris,Salpingidis,Greece,117939,-1,-1,-1,-1,-1,-1,-1,-1,-1,-1,-1,-1,-1,-1,-1,-1,-1,-1,-1,-1,-1,-1,-1,-1,-1,-1,-1,-1,-1,0,0.57,0,0.52,0,0.66,0,0.33,0,0.27,0.25,0.23,0,0.22,0.22,0.35,0,0.24,0.24,0.1,-1,0,0,-1,-1,-1,-1,-1,-1,-1,-1
Vasilis Torosidis,Vasilis,Torosidis,Greece,1599,-1,-1,-1,-1,-1,-1,-1,-1,-1,-1,-1,-1,-1,-1,-1,-1,-1,-1,-1,-1,-1,-1,-1,-1,-1,-1,-1,-1,-1,-1,-1,-1,-1,0,0,0,0.22,0,0.25,0.21,0,0,0,0.27,0.18,0,0.09,0,0.07,0,0.06,0,0.04,-1,0,0.27,0.25,0,0,0
Balázs Dzsudzsák,Balázs,Dzsudzsák,Hungary,50600,-1,-1,-1,-1,-1,-1,-1,-1,-1,-1,-1,-1,-1,-1,-1,-1,-1,-1,-1,-1,-1,-1,-1,-1,-1,-1,-1,-1,-1,-1,0.2,-1,0.28,0,0.25,0.14,0.3,0,0.37,0.15,0.47,0.4,0,0.31,0.16,0.33,0.04,0.38,0.16,1,0.15,0.21,0.29,0,0,0.08,-1,0,-1,0
Szabolcs Huszti,Szabolcs,Huszti,Hungary,2343,-1,-1,-1,-1,-1,-1,-1,-1,-1,-1,-1,-1,-1,-1,-1,-1,-1,-1,-1,-1,-1,-1,-1,-1,-1,-1,-1,0,-1,0,0.06,0.11,0.13,-1,0.3,0.14,0.12,0,0.11,0.07,0.33,-1,0.13,0,0.4,-1,0.3,-1,0.24,-1,0.06,-1,0.18,-1,0.11,-1,0.22,-1,0.18,-1
Krisztián Kenesei,Krisztián,Kenesei,Hungary,227695,-1,-1,-1,-1,-1,-1,-1,-1,-1,-1,-1,-1,-1,-1,-1,-1,-1,-1,-1,-1,-1,-1,-1,0,-1,-1,-1,0.25,-1,1,-1,0,-1,-1,0,-1,0,-1,0.5,-1,0.52,-1,0.38,-1,0.33,-1,0.21,-1,0.04,-1,0.33,-1,0,-1,-1,-1,-1,-1,-1,-1
Vladimir Koman,Vladimir,Koman,Hungary,29742,-1,-1,-1,-1,-1,-1,-1,-1,-1,-1,-1,-1,-1,-1,-1,-1,-1,-1,-1,-1,-1,-1,-1,-1,-1,-1,-1,-1,-1,-1,-1,-1,0,-1,0,-1,0.14,-1,0.12,0,0.03,0.4,0,0.21,0.04,0,0.06,0.18,0,-1,0.12,0,0.03,-1,0.11,-1,-1,-1,0,-1
Nemanja Nikoli?,Nemanja,Nikoli?,Hungary,50917,-1,-1,-1,-1,-1,-1,-1,-1,-1,-1,-1,-1,-1,-1,-1,-1,-1,-1,-1,-1,-1,-1,-1,-1,-1,-1,-1,-1,-1,-1,-1,-1,-1,-1,-1,-1,0,-1,0.62,-1,0.39,-1,0.62,-1,0.48,-1,0.62,0.33,0.83,1,0.67,0,0.66,1,0.53,0,0.41,-1,0.32,1
Tamás Priskin,Tamás,Priskin,Hungary,28482,-1,-1,-1,-1,-1,-1,-1,-1,-1,-1,-1,-1,-1,-1,-1,-1,-1,-1,-1,-1,-1,-1,-1,-1,-1,-1,-1,-1,-1,-1,-1,-1,-1,-1,-1,-1,0,-1,0.13,0,0,0,0.03,0,0.04,0,0,0,0.09,-1,0,0,0,0,0,0,0.04,-1,0,-1
Imre Szabics,Imre,Szabics,Hungary,210659,-1,-1,-1,-1,-1,-1,-1,-1,-1,-1,-1,-1,-1,-1,-1,-1,-1,-1,-1,-1,-1,-1,-1,-1,-1,-1,-1,1,-1,0,0.09,0.17,0.1,-1,0,0,0.12,-1,0.07,-1,0.23,1,0.21,0.22,0.24,0.5,0.25,0,-1,-1,-1,-1,-1,-1,-1,-1,-1,-1,-1,-1
Ádám Szalai,Ádám,Szalai,Hungary,729,-1,-1,-1,-1,-1,-1,-1,-1,-1,-1,-1,-1,-1,-1,-1,-1,-1,-1,-1,-1,-1,-1,-1,-1,-1,-1,-1,-1,-1,-1,-1,-1,-1,-1,-1,-1,-1,-1,0.07,0,0.23,-1,0.2,0.62,0.45,0,0.23,0.25,0.19,0,0,0.13,0.35,0,0.25,0.6,0.21,0.71,0.07,0.11
Sándor Torghelle,Sándor,Torghelle,Hungary,28572,-1,-1,-1,-1,-1,-1,-1,-1,-1,-1,-1,-1,-1,-1,-1,-1,-1,-1,-1,-1,-1,-1,-1,-1,-1,-1,-1,2,0,1,0,0.25,-1,-1,0,0.25,0.26,0,0.33,0.23,0.06,-1,0.33,-1,0.17,-1,0.44,-1,0.26,-1,0.38,-1,0.37,-1,0.46,-1,0.23,-1,0.2,-1
Kári Árnason,Kári,Árnason,Iceland,2789,-1,-1,-1,-1,-1,-1,-1,-1,-1,-1,-1,-1,-1,-1,-1,-1,-1,-1,-1,-1,-1,-1,-1,-1,-1,-1,-1,-1,0,0,0,0.17,0,-1,0,0,0.05,-1,0.06,0,0.02,-1,0.09,0,0.05,0,0,0.08,0.07,0,0.03,0,0.25,0,0.13,0.25,0.07,0,0,0
Birkir Bjarnason,Birkir,Bjarnason,Iceland,2791,-1,-1,-1,-1,-1,-1,-1,-1,-1,-1,-1,-1,-1,-1,-1,-1,-1,-1,-1,-1,-1,-1,-1,-1,-1,-1,-1,-1,-1,-1,-1,-1,-1,-1,0.23,-1,0.2,-1,0.29,0,0.04,0,0,0.09,0.08,0,0.05,0.19,0.29,0,0.3,0.21,0.15,0,0.14,0.12,0.12,0,0.05,0.27
Alfred Finnbogason,Alfred,Finnbogason,Iceland,2797,-1,-1,-1,-1,-1,-1,-1,-1,-1,-1,-1,-1,-1,-1,-1,-1,-1,-1,-1,-1,-1,-1,-1,-1,-1,-1,-1,-1,-1,-1,-1,-1,-1,-1,0,-1,0.72,-1,0.67,0.5,0.18,0,0.56,0.2,0.74,0,0.89,0.25,0.13,0.67,0.4,0.08,0.21,0,0.52,0.43,0.55,1,0.14,0
Kjartan Finnbogason,Kjartan,Finnbogason,Iceland,15678,-1,-1,-1,-1,-1,-1,-1,-1,-1,-1,-1,-1,-1,-1,-1,-1,-1,-1,-1,-1,-1,-1,-1,-1,-1,-1,-1,-1,-1,-1,-1,-1,-1,-1,0,-1,0.12,-1,0.28,-1,0.57,-1,0.54,0,0.35,-1,0.39,-1,0.42,-1,0.59,0,0.26,0.33,0.27,0,0.18,-1,0.57,0.5
Heidar Helguson,Heidar,Helguson,Iceland,114869,-1,-1,-1,-1,-1,-1,-1,-1,-1,-1,-1,-1,-1,-1,-1,-1,-1,-1,-1,0,-1,0,-1,0,-1,-1,-1,0.33,-1,-1,0.3,0,0.1,-1,0.33,0,0.22,0,0.28,0.43,0.38,0,0.47,0.4,0.24,-1,-1,-1,-1,-1,-1,-1,-1,-1,-1,-1,-1,-1,-1,-1
Gylfi Sigurðsson,Gylfi,Sigurðsson,Iceland,2795,-1,-1,-1,-1,-1,-1,-1,-1,-1,-1,-1,-1,-1,-1,-1,-1,-1,-1,-1,-1,-1,-1,-1,-1,-1,-1,-1,-1,-1,-1,-1,-1,-1,-1,-1,-1,0.2,-1,0.45,0,0.33,-1,0.27,0.11,0.15,0,0.17,0.31,0.26,1,0.3,0.42,0.25,0,0.18,0.38,0.34,0,0.08,0.2
Ragnar Sigurðsson,Ragnar,Sigurðsson,Iceland,2786,-1,-1,-1,-1,-1,-1,-1,-1,-1,-1,-1,-1,-1,-1,-1,-1,-1,-1,-1,-1,-1,-1,-1,-1,-1,-1,-1,-1,-1,-1,-1,-1,-1,-1,0,0,0.17,0,0.03,0,0.18,-1,0.03,0,0.07,0,0,0,0.03,0,0.09,0.1,0.05,0,0,0.06,0,0,0,0.2
Gunnar Thorvaldsson,Gunnar,Thorvaldsson,Iceland,89711,-1,-1,-1,-1,-1,-1,-1,-1,-1,-1,-1,-1,-1,-1,-1,-1,-1,-1,-1,-1,-1,-1,-1,-1,-1,-1,-1,-1,-1,0,-1,0.2,0.29,-1,0,0.14,0.09,-1,0.24,0,0.31,-1,0.59,0,0.53,-1,0.11,0,0.32,-1,0.1,-1,0.52,-1,0.47,-1,0,-1,-1,-1
Arnor Traustason,Arnor,Traustason,Iceland,1966,-1,-1,-1,-1,-1,-1,-1,-1,-1,-1,-1,-1,-1,-1,-1,-1,-1,-1,-1,-1,-1,-1,-1,-1,-1,-1,-1,-1,-1,-1,-1,-1,-1,-1,-1,-1,-1,-1,0.33,-1,0.06,-1,0.15,-1,0.2,-1,0.15,-1,0.29,0,0.25,0.62,0.09,0,0.21,0,0.21,0,0.07,0
Robert Brady,Robert,Brady,Ireland,18921,-1,-1,-1,-1,-1,-1,-1,-1,-1,-1,-1,-1,-1,-1,-1,-1,-1,-1,-1,-1,-1,-1,-1,-1,-1,-1,-1,-1,-1,-1,-1,-1,-1,-1,-1,-1,-1,-1,-1,-1,0,-1,0.07,0.5,0.12,0,0.22,0.5,0.09,0,0.08,0.21,0.12,0,0.18,0,0,0,0.06,0.2
Shane Duffy,Shane,Duffy,Ireland,18962,-1,-1,-1,-1,-1,-1,-1,-1,-1,-1,-1,-1,-1,-1,-1,-1,-1,-1,-1,-1,-1,-1,-1,-1,-1,-1,-1,-1,-1,-1,-1,-1,-1,-1,-1,-1,-1,-1,0,-1,0,-1,0.09,-1,0,-1,0.03,0,0.05,-1,0.1,0,0.11,0,0,0.14,0.12,0,0.05,0.11
Jeff Hendrick,Jeff,Hendrick,Ireland,18924,-1,-1,-1,-1,-1,-1,-1,-1,-1,-1,-1,-1,-1,-1,-1,-1,-1,-1,-1,-1,-1,-1,-1,-1,-1,-1,-1,-1,-1,-1,-1,-1,-1,-1,-1,-1,-1,-1,-1,-1,0,-1,0.07,-1,0.15,0,0.14,0,0.19,0,0.06,0,0.05,0,0.06,0.08,0.07,0,0.11,0.11
Stephen Ireland,Stephen,Ireland,Ireland,90492,-1,-1,-1,-1,-1,-1,-1,-1,-1,-1,-1,-1,-1,-1,-1,-1,-1,-1,-1,-1,-1,-1,-1,-1,-1,-1,-1,-1,-1,-1,0,0,0.04,-1,0.12,0.8,0.24,-1,0.1,-1,0,-1,0.04,-1,0,-1,0.17,-1,0.15,-1,0,-1,0,-1,0,-1,0,-1,-1,-1
Robbie Keane,Robbie,Keane,Ireland,105424,-1,-1,-1,-1,-1,-1,-1,-1,-1,-1,-1,-1,-1,-1,-1,0,-1,0,-1,0.46,-1,0,-1,0.44,-1,0.67,0.42,0.42,0.31,0,0.46,0.45,0.48,2,0.47,0.4,0.29,0.5,0.36,0.47,0.19,0,0.59,0.41,0.6,0.75,0.64,0.6,0.85,-1,0.52,0.5,-1,-1,-1,0,-1,-1,-1,-1
Shane Long,Shane,Long,Ireland,18956,-1,-1,-1,-1,-1,-1,-1,-1,-1,-1,-1,-1,-1,-1,-1,-1,-1,-1,-1,-1,-1,-1,-1,-1,-1,-1,-1,-1,-1,-1,0.27,-1,0.1,1,0.1,0,0.23,0,0.25,0.33,0.48,0.33,0.24,0.27,0.3,0.33,0.22,0.07,0.17,0,0.38,0.28,0.11,0,0.06,0.09,0.17,0,0.1,0
James McClean,James,McClean,Ireland,19507,-1,-1,-1,-1,-1,-1,-1,-1,-1,-1,-1,-1,-1,-1,-1,-1,-1,-1,-1,-1,-1,-1,-1,-1,-1,-1,-1,-1,-1,-1,-1,-1,-1,-1,-1,-1,-1,-1,-1,-1,0,-1,0.21,0,0.12,0,0.08,0.18,0.16,0,0.05,0.17,0.06,0.33,0.03,0.27,0.07,0,0.19,0
Aiden McGeady,Aiden,McGeady,Ireland,19907,-1,-1,-1,-1,-1,-1,-1,-1,-1,-1,-1,-1,-1,-1,-1,-1,-1,-1,-1,-1,-1,-1,-1,-1,-1,-1,-1,0,-1,0,0.19,0,0.12,0,0.53,0,0.14,0,0.16,0,0.07,0,0.12,0.1,0.22,0.25,0.03,0,0.04,0,0.07,0.14,0.23,0,0.19,0,0.32,-1,0.21,-1
Stephen Ward,Stephen,Ward,Ireland,18919,-1,-1,-1,-1,-1,-1,-1,-1,-1,-1,-1,-1,-1,-1,-1,-1,-1,-1,-1,-1,-1,-1,-1,-1,-1,-1,-1,-1,-1,-1,-1,-1,0.15,-1,0,-1,0,-1,0,-1,0.03,0,0.07,0.08,0.05,0,0.09,0,0,0,0.07,0.08,0.03,0,0.04,0,0,0,0,-1
Mario Balotelli,Mario,Balotelli,Italy,1917,-1,-1,-1,-1,-1,-1,-1,-1,-1,-1,-1,-1,-1,-1,-1,-1,-1,-1,-1,-1,-1,-1,-1,-1,-1,-1,-1,-1,-1,-1,-1,-1,-1,-1,0.47,-1,0.3,-1,0.28,0,0.36,0.33,0.55,0.3,0.45,0.33,0.44,0.67,0.17,-1,0.13,0,0.61,-1,0.68,0.5,0.32,0,0.26,-1
Andrea Belotti,Andrea,Belotti,Italy,30509,-1,-1,-1,-1,-1,-1,-1,-1,-1,-1,-1,-1,-1,-1,-1,-1,-1,-1,-1,-1,-1,-1,-1,-1,-1,-1,-1,-1,-1,-1,-1,-1,-1,-1,-1,-1,-1,-1,-1,-1,-1,-1,0.25,-1,0,-1,0.4,-1,0.15,-1,0.32,0,0.74,0,0.39,0.36,0.44,0,0.5,0.57
Antonio Candreva,Antonio,Candreva,Italy,202,-1,-1,-1,-1,-1,-1,-1,-1,-1,-1,-1,-1,-1,-1,-1,-1,-1,-1,-1,-1,-1,-1,-1,-1,-1,-1,-1,-1,-1,-1,0,-1,-1,-1,0,-1,0.06,0,0.05,-1,0.09,-1,0.16,0,0.14,0,0.28,0,0.29,0.33,0.28,0.2,0.16,0,0.02,0.25,0.09,-1,0.17,-1
Antonio Cassano,Antonio,Cassano,Italy,115145,-1,-1,-1,-1,-1,-1,-1,-1,-1,-1,-1,-1,-1,-1,-1,-1,-1,-1,-1,-1,-1,-1,-1,-1,-1,0.5,-1,0.5,-1,-1,0.17,0,0.09,-1,0.45,0,0.34,-1,0.33,0,0.27,0,0.21,0.41,0.26,-1,0.36,0,0.25,-1,0.08,-1,0,-1,-1,-1,-1,-1,-1,-1
Giorgio Chiellini,Giorgio,Chiellini,Italy,856,-1,-1,-1,-1,-1,-1,-1,-1,-1,-1,-1,-1,-1,-1,-1,-1,-1,-1,-1,-1,-1,-1,-1,-1,-1,-1,-1,0,-1,0,0,0,0.09,0,0.1,0.14,0.14,0.17,0.12,0,0.09,0,0.05,0,0.03,0.17,0.07,0.11,0.02,0,0.03,0.2,0.09,0,0,0.14,0.03,0,0.2,0
Daniele De Rossi,Daniele,De Rossi,Italy,779,-1,-1,-1,-1,-1,-1,-1,-1,-1,-1,-1,-1,-1,-1,-1,-1,-1,-1,-1,-1,-1,-1,-1,-1,-1,-1,-1,0,-1,0,0.18,0.2,0.09,0,0.11,0.12,0.07,0.25,0.22,0.18,0.08,0,0.12,0.12,0,0.25,0.03,0.27,0.09,-1,0.1,0.2,0.12,0.5,0.06,0.29,0.09,-1,0,-1
Antonio Di Natale,Antonio,Di Natale,Italy,115141,-1,-1,-1,-1,-1,-1,-1,-1,-1,-1,-1,-1,-1,-1,-1,-1,-1,-1,-1,-1,-1,-1,-1,0,-1,0,-1,1,-1,-1,0.28,0.5,0.35,1,0.47,0.36,0.52,0,0.76,0.23,0.76,-1,0.67,0.17,0.62,-1,0.53,-1,0.53,-1,0.16,-1,-1,-1,-1,-1,-1,-1,-1,-1
Alberto Gilardino,Alberto,Gilardino,Italy,91419,-1,-1,-1,-1,-1,-1,-1,-1,-1,-1,-1,-1,-1,-1,-1,-1,-1,-1,-1,-1,-1,-1,-1,-1,-1,-1,-1,-1,-1,0.75,0.39,0.29,0.34,0,0.24,0.4,0.56,0.33,0.4,0.36,0.33,0,0.26,1,0.34,0.14,0.4,0.33,0.29,-1,0.32,-1,0.05,-1,0.38,-1,-1,-1,-1,-1
Ciro Immobile,Ciro,Immobile,Italy,1863,-1,-1,-1,-1,-1,-1,-1,-1,-1,-1,-1,-1,-1,-1,-1,-1,-1,-1,-1,-1,-1,-1,-1,-1,-1,-1,-1,-1,-1,-1,-1,-1,-1,-1,-1,-1,0,-1,0,-1,0.14,-1,0.76,-1,0.15,-1,0.64,0.2,0.27,0,0.31,0,0.63,0,0.83,0.4,0.41,0,0.91,0.75
Lorenzo Insigne,Lorenzo,Insigne,Italy,331,-1,-1,-1,-1,-1,-1,-1,-1,-1,-1,-1,-1,-1,-1,-1,-1,-1,-1,-1,-1,-1,-1,-1,-1,-1,-1,-1,-1,-1,-1,-1,-1,-1,-1,-1,-1,-1,-1,0,-1,-1,-1,0.53,-1,0.12,1,0.17,0,0.07,-1,0.31,0.17,0.41,0,0.28,0.14,0.34,0,0.28,0.75
Graziano Pellè,Graziano,Pellè,Italy,12765,-1,-1,-1,-1,-1,-1,-1,-1,-1,-1,-1,-1,-1,-1,-1,-1,-1,-1,-1,-1,-1,-1,-1,-1,-1,-1,-1,-1,-1,-1,0.22,-1,0.27,-1,0.14,-1,0.18,-1,0.11,-1,0.3,-1,0.17,-1,0.85,-1,0.79,-1,0.36,0.33,0.37,0.47,0.25,-1,0.62,0.5,0.73,-1,0.46,-1
Andrea Pirlo,Andrea,Pirlo,Italy,105405,-1,-1,-1,-1,-1,-1,-1,-1,-1,-1,-1,-1,-1,-1,-1,-1,-1,-1,-1,-1,-1,-1,-1,0,-1,0,-1,0.11,-1,0.25,0.11,0.19,0.06,0,0.12,0.11,0.07,0,0.02,0.09,0.04,0,0.07,0.11,0.11,0.25,0.13,0.07,0.16,0,-1,0,-1,-1,-1,-1,-1,-1,-1,-1
Fabio Quagliarella,Fabio,Quagliarella,Italy,30463,-1,-1,-1,-1,-1,-1,-1,-1,-1,-1,-1,-1,-1,-1,-1,-1,-1,-1,-1,-1,-1,-1,-1,-1,-1,-1,-1,-1,-1,-1,0.09,-1,0.37,0,0.32,0.38,0.45,0,0.31,0.18,0.5,-1,0.15,0.5,0.37,-1,0.17,0,0.37,-1,0.24,0,0.31,-1,0.53,-1,0.67,-1,0.41,0.67
Luca Toni,Luca,Toni,Italy,115142,-1,-1,-1,-1,-1,-1,-1,-1,-1,-1,-1,-1,-1,-1,-1,-1,-1,-1,-1,-1,-1,-1,-1,-1,-1,-1,-1,0,-1,0.2,0.82,0.41,0.55,0,1.03,0.5,0.52,0,0.22,0,0.27,-1,0,-1,0.29,-1,0.58,-1,0.59,-1,0.28,-1,-1,-1,-1,-1,-1,-1,-1,-1
Francesco Totti,Francesco,Totti,Italy,91371,-1,-1,-1,-1,-1,-1,-1,-1,-1,-1,-1,-1,-1,-1,-1,0,-1,0,-1,0.23,-1,0,-1,0.15,-1,0,-1,0.14,-1,0,0.62,0.2,0.68,-1,0.48,-1,0.5,-1,0.81,-1,0.44,-1,0.26,-1,0.32,-1,0.27,-1,0.27,-1,0.31,-1,0.11,-1,-1,-1,-1,-1,-1,-1
Ibrahim Afellay,Ibrahim,Afellay,Netherlands,72157,-1,-1,-1,-1,-1,-1,-1,-1,-1,-1,-1,-1,-1,-1,-1,-1,-1,-1,-1,-1,-1,-1,-1,-1,-1,-1,-1,-1,-1,-1,0.06,-1,0.19,-1,0.07,0,0.41,0,0.14,0,0.17,0,0,0.42,0.27,-1,0,0,0.22,0,0.08,0.29,0,-1,0,-1,0,-1,0,-1
Ryan Babel,Ryan,Babel,Netherlands,19034,-1,-1,-1,-1,-1,-1,-1,-1,-1,-1,-1,-1,-1,-1,-1,-1,-1,-1,-1,-1,-1,-1,-1,-1,-1,-1,-1,-1,-1,1,0.12,0.33,0.21,0.5,0.21,0.06,0.1,0,0.16,0,0.09,0,0.14,-1,0.23,-1,0.17,-1,0.31,-1,-1,-1,0.35,0.5,0.34,0.17,0.36,0.17,0.21,0.25
Luuk de Jong,Luuk,de Jong,Netherlands,246,-1,-1,-1,-1,-1,-1,-1,-1,-1,-1,-1,-1,-1,-1,-1,-1,-1,-1,-1,-1,-1,-1,-1,-1,-1,-1,-1,-1,-1,-1,-1,-1,-1,-1,-1,-1,0.12,-1,0.35,-1,0.4,0,0.64,0.33,0.26,-1,0,0,0.58,0,0.7,0.5,0.26,1,0.43,0,0.73,0,0.22,0.14
Memphis Depay,Memphis,Depay,Netherlands,667,-1,-1,-1,-1,-1,-1,-1,-1,-1,-1,-1,-1,-1,-1,-1,-1,-1,-1,-1,-1,-1,-1,-1,-1,-1,-1,-1,-1,-1,-1,-1,-1,-1,-1,-1,-1,-1,-1,-1,-1,-1,-1,0.36,-1,0.1,0,0.33,0.22,0.7,0.5,0.15,0,0.19,0.4,0.43,0.6,0.27,0.33,0.68,0.86
Klaas-Jan Huntelaar,Klaas-Jan,Huntelaar,Netherlands,551,-1,-1,-1,-1,-1,-1,-1,-1,-1,-1,-1,-1,-1,-1,-1,-1,-1,-1,-1,-1,-1,-1,-1,-1,-1,-1,-1,-1,-1,-1,1.03,1,0.74,0,0.94,0.7,0.5,0.33,0.23,0.38,0.37,0.25,1.02,0.88,0.46,0,0.67,0.38,0.38,1,0.4,0.62,0.21,-1,0.41,-1,0.58,-1,0.35,-1
Vincent Janssen,Vincent,Janssen,Netherlands,183,-1,-1,-1,-1,-1,-1,-1,-1,-1,-1,-1,-1,-1,-1,-1,-1,-1,-1,-1,-1,-1,-1,-1,-1,-1,-1,-1,-1,-1,-1,-1,-1,-1,-1,-1,-1,-1,-1,-1,-1,-1,-1,-1,-1,-1,-1,0.28,-1,0.58,-1,0.64,0.43,0.17,1,0.26,0.25,0,-1,0.34,-1
Davy Klaassen,Davy,Klaassen,Netherlands,25321,-1,-1,-1,-1,-1,-1,-1,-1,-1,-1,-1,-1,-1,-1,-1,-1,-1,-1,-1,-1,-1,-1,-1,-1,-1,-1,-1,-1,-1,-1,-1,-1,-1,-1,-1,-1,-1,-1,-1,-1,-1,-1,0.12,-1,0,-1,0.29,0,0.19,1,0.37,0.2,0.4,0.5,0,0.14,0.18,-1,0.24,-1
Dirk Kuyt,Dirk,Kuyt,Netherlands,93990,-1,-1,-1,-1,-1,-1,-1,-1,-1,-1,-1,-1,-1,-1,-1,-1,0.18,-1,0.19,-1,0.41,-1,0.21,-1,0.59,-1,0.59,0,0.85,0,0.67,0.2,0.29,0.25,0.23,0.24,0.29,0.17,0.21,0.32,0.37,0.4,0.11,0.38,0.3,0,0.27,0,0.27,-1,0.61,0,0.39,-1,0,-1,-1,-1,-1,-1
Luciano Narsingh,Luciano,Narsingh,Netherlands,19339,-1,-1,-1,-1,-1,-1,-1,-1,-1,-1,-1,-1,-1,-1,-1,-1,-1,-1,-1,-1,-1,-1,-1,-1,-1,-1,-1,-1,-1,-1,-1,-1,-1,-1,-1,-1,0,-1,0,-1,0.19,-1,0.31,0.33,0.24,0,0.11,0.25,0.17,0,0.23,0.22,0.09,-1,0.08,0,0,-1,0.27,-1
Quincy Promes,Quincy,Promes,Netherlands,2062,-1,-1,-1,-1,-1,-1,-1,-1,-1,-1,-1,-1,-1,-1,-1,-1,-1,-1,-1,-1,-1,-1,-1,-1,-1,-1,-1,-1,-1,-1,-1,-1,-1,-1,-1,-1,-1,-1,-1,-1,-1,-1,0,-1,0.39,-1,0.35,0,0.45,0,0.56,0,0.41,0.2,0.58,0.33,0.08,0.33,0.58,0
Arjen Robben,Arjen,Robben,Netherlands,516,-1,-1,-1,-1,-1,-1,-1,-1,-1,-1,-1,-1,-1,-1,-1,-1,-1,-1,-1,-1,-1,-1,-1,-1,-1,0,-1,0.22,0.39,2,0.18,0.29,0.1,-1,0.15,0.18,0.23,0,0.62,0.38,0.72,0,0.53,0.22,0.43,0.4,0.43,0.44,0.67,2,0.3,0.5,0.42,1,0.23,0.86,0.33,-1,-1,-1
Rafael van der Vaart,Rafael,van der Vaart,Netherlands,114799,-1,-1,-1,-1,-1,-1,-1,-1,-1,-1,-1,-1,-1,-1,-1,-1,-1,-1,-1,-1,-1,-1,-1,0,-1,0,-1,0.21,-1,0,0.47,0.21,0.35,1,0.48,0.06,0.13,0.17,0.23,0.18,0.42,0,0.33,0.19,0.17,0.33,0.27,1,0.18,-1,0,-1,0.12,-1,0,-1,0,-1,-1,-1
Robin van Persie,Robin,van Persie,Netherlands,37162,-1,-1,-1,-1,-1,-1,-1,-1,-1,-1,-1,-1,-1,-1,-1,-1,-1,-1,-1,-1,-1,-1,-1,-1,-1,-1,-1,-1,0.2,0,0.27,0.21,0.43,0,0.41,0.6,0.45,0.25,0.5,0.35,0.67,0,0.77,0.77,0.62,0.25,0.59,0.85,0.34,0,0.46,0.38,0.4,0,0.45,0,0.65,-1,0,-1
Georginio Wijnaldum,Georginio,Wijnaldum,Netherlands,300,-1,-1,-1,-1,-1,-1,-1,-1,-1,-1,-1,-1,-1,-1,-1,-1,-1,-1,-1,-1,-1,-1,-1,-1,-1,-1,-1,-1,-1,-1,-1,-1,0,-1,0.1,-1,0.12,-1,0.14,-1,0.38,0,0.3,1,0.43,0,0.35,0.09,0.41,0,0.26,0.33,0.15,0,0.08,0.07,0.12,0.33,0.12,1
Steven Davis,Steven,Davis,Northern Ireland,1749,-1,-1,-1,-1,-1,-1,-1,-1,-1,-1,-1,-1,-1,-1,-1,-1,-1,-1,-1,-1,-1,-1,-1,-1,-1,-1,-1,-1,0.04,0,0.11,0.17,0,-1,0.03,0,0.16,0,0.09,0.1,0.1,-1,0.13,0.2,0.06,0,0.1,0.08,0,0.5,0.12,0.11,0,0,0.12,0.21,0,0,0.03,0.11
Jonny Evans,Jonny,Evans,Northern Ireland,18772,-1,-1,-1,-1,-1,-1,-1,-1,-1,-1,-1,-1,-1,-1,-1,-1,-1,-1,-1,-1,-1,-1,-1,-1,-1,-1,-1,-1,-1,-1,0,-1,0.1,-1,0,0,0,0,0,0.11,0,-1,0.03,0,0.13,0,0.08,0,0,0,0.03,0,0.06,0,0.06,0.06,0.04,0.2,0.04,0.12
Warren Feeney,Warren,Feeney,Northern Ireland,232231,-1,-1,-1,-1,-1,-1,-1,-1,-1,-1,-1,-1,-1,-1,-1,-1,-1,-1,-1,-1,-1,-1,-1,0,-1,-1,-1,-1,-1,0.5,-1,0.25,-1,-1,-1,0.08,-1,0,0,0.25,0.04,-1,0.1,0,0.14,-1,0,-1,0.11,-1,-1,-1,-1,-1,-1,-1,-1,-1,-1,-1
David Healy,David,Healy,Northern Ireland,117487,-1,-1,-1,-1,-1,-1,-1,-1,-1,-1,-1,-1,-1,-1,-1,-1,-1,-1,-1,-1,-1,-1,-1,0.33,-1,0,-1,0,-1,1,0.29,0.33,0.23,-1,0.13,1.08,0.18,0,0.05,0.08,0.17,-1,0.27,0,0.05,-1,-1,0.5,-1,-1,-1,-1,-1,-1,-1,-1,-1,-1,-1,-1
Kyle Lafferty,Kyle,Lafferty,Northern Ireland,1759,-1,-1,-1,-1,-1,-1,-1,-1,-1,-1,-1,-1,-1,-1,-1,-1,-1,-1,-1,-1,-1,-1,-1,-1,-1,-1,-1,-1,-1,-1,0.2,-1,0.11,-1,0.14,0.36,0.25,0,0.21,0.33,0.33,-1,0.3,0.33,0.3,-1,0.33,0,0.09,0,0.22,0.47,0.12,0,0.41,0.25,0.17,0,0.18,0
Josh Magennis,Josh,Magennis,Northern Ireland,19715,-1,-1,-1,-1,-1,-1,-1,-1,-1,-1,-1,-1,-1,-1,-1,-1,-1,-1,-1,-1,-1,-1,-1,-1,-1,-1,-1,-1,-1,-1,-1,-1,-1,-1,-1,-1,-1,-1,0.08,0,0.1,-1,0.04,-1,0.16,0,0.03,0,0.2,0,0.34,0.08,0.22,0,0.22,0.21,0.16,0,0.16,0.33
Gareth McAuley,Gareth,McAuley,Northern Ireland,1742,-1,-1,-1,-1,-1,-1,-1,-1,-1,-1,-1,-1,-1,-1,-1,-1,-1,-1,-1,-1,-1,-1,-1,-1,-1,-1,-1,-1,-1,0,0.14,0,0.1,-1,0.05,0,0,0,0.12,0.1,0.07,-1,0.06,0.08,0.08,0,0.06,0.22,0.06,0,0.03,0.22,0.18,0,0,0.08,0,0,0,0
Niall McGinn,Niall,McGinn,Northern Ireland,44817,-1,-1,-1,-1,-1,-1,-1,-1,-1,-1,-1,-1,-1,-1,-1,-1,-1,-1,-1,-1,-1,-1,-1,-1,-1,-1,-1,-1,-1,-1,-1,-1,-1,-1,-1,-1,-1,0,0.09,0,0.25,-1,0.13,0,0.54,0,0.33,0.09,0.16,0,0.28,0.14,0.27,0,0.18,0,0.16,0,0.19,0.4
Paddy McNair,Paddy,McNair,Northern Ireland,19242,-1,-1,-1,-1,-1,-1,-1,-1,-1,-1,-1,-1,-1,-1,-1,-1,-1,-1,-1,-1,-1,-1,-1,-1,-1,-1,-1,-1,-1,-1,-1,-1,-1,-1,-1,-1,-1,-1,-1,-1,-1,-1,-1,-1,-1,-1,-1,-1,0,0,0,0,0.17,0,0.31,0,0,0.5,0.14,0.11
Conor Washington,Conor,Washington,Northern Ireland,19110,-1,-1,-1,-1,-1,-1,-1,-1,-1,-1,-1,-1,-1,-1,-1,-1,-1,-1,-1,-1,-1,-1,-1,-1,-1,-1,-1,-1,-1,-1,-1,-1,-1,-1,-1,-1,-1,-1,-1,-1,-1,-1,-1,-1,0,-1,0.21,-1,0.3,-1,0.33,0.25,0.19,0,0.18,0.1,0,0,0.21,0.25
Mohammed Abdellaoue,Mohammed,Abdellaoue,Norway,99991,-1,-1,-1,-1,-1,-1,-1,-1,-1,-1,-1,-1,-1,-1,-1,-1,-1,-1,-1,-1,-1,-1,-1,-1,-1,-1,-1,-1,-1,-1,-1,-1,-1,-1,0,0,0.33,-1,0.68,0.33,0.38,0.5,0.38,0.33,0.26,0.33,0.06,0,0.11,-1,0.37,0,0.15,-1,0,0,-1,-1,-1,-1
Mohamed Elyounoussi,Mohamed,Elyounoussi,Norway,18946,-1,-1,-1,-1,-1,-1,-1,-1,-1,-1,-1,-1,-1,-1,-1,-1,-1,-1,-1,-1,-1,-1,-1,-1,-1,-1,-1,-1,-1,-1,-1,-1,-1,-1,-1,-1,-1,-1,-1,-1,0,-1,0.33,-1,0.21,-1,0.5,0,0.38,0,0.48,0,0.26,0.33,0.3,0.38,0,0.17,0.35,0
Tarik Elyounoussi,Tarik,Elyounoussi,Norway,48152,-1,-1,-1,-1,-1,-1,-1,-1,-1,-1,-1,-1,-1,-1,-1,-1,-1,-1,-1,-1,-1,-1,-1,-1,-1,-1,-1,-1,0,-1,0.2,-1,0.36,-1,0.36,0,0.23,-1,0.18,0,0.39,0,0.26,0.4,0.41,0.17,0,0.2,0.19,0,0,0.2,0.23,0,0.29,0,0.32,0,0.24,0.14
Erling Haaland,Erling,Haaland,Norway,1100,-1,-1,-1,-1,-1,-1,-1,-1,-1,-1,-1,-1,-1,-1,-1,-1,-1,-1,-1,-1,-1,-1,-1,-1,-1,-1,-1,-1,-1,-1,-1,-1,-1,-1,-1,-1,-1,-1,-1,-1,-1,-1,-1,-1,-1,-1,-1,-1,-1,-1,0,-1,0.17,-1,0.48,-1,0.46,-1,1.07,0
Erik Huseklepp,Erik,Huseklepp,Norway,94593,-1,-1,-1,-1,-1,-1,-1,-1,-1,-1,-1,-1,-1,-1,-1,-1,-1,-1,-1,-1,-1,-1,-1,-1,-1,-1,-1,-1,0.11,-1,0,-1,0.05,-1,0.11,0,0.42,0,0.33,0.44,0.14,0.25,0.25,0.17,0.23,0,0.15,0,0.28,-1,0.15,-1,0.25,-1,0.29,-1,-1,-1,-1,-1
Stefan Johansen,Stefan,Johansen,Norway,19159,-1,-1,-1,-1,-1,-1,-1,-1,-1,-1,-1,-1,-1,-1,-1,-1,-1,-1,-1,-1,-1,-1,-1,-1,-1,-1,-1,-1,-1,-1,-1,-1,-1,-1,-1,-1,0.4,-1,0,-1,0.08,-1,0.1,-1,0.15,0.5,0.1,0,0.23,0,0.11,0.11,0.3,0,0.16,0,0.07,0.4,0,0.14
Ola Kamara,Ola,Kamara,Norway,12888,-1,-1,-1,-1,-1,-1,-1,-1,-1,-1,-1,-1,-1,-1,-1,-1,-1,-1,-1,-1,-1,-1,-1,-1,-1,-1,-1,-1,-1,-1,-1,-1,-1,-1,-1,-1,0.27,-1,0.31,-1,0.34,-1,0.4,-1,0.48,0,0.14,0.2,0.4,-1,0.57,0,0.49,0,0.44,1.5,0.27,1,0.19,0.25
Joshua King,Joshua,King,Norway,18881,-1,-1,-1,-1,-1,-1,-1,-1,-1,-1,-1,-1,-1,-1,-1,-1,-1,-1,-1,-1,-1,-1,-1,-1,-1,-1,-1,-1,-1,-1,-1,-1,-1,-1,-1,-1,-1,-1,0,-1,0.1,-1,0.12,-1,0.1,0,0.06,0.18,0.21,0,0.2,0.3,0.44,0,0.26,0.7,0.32,0,0.22,0.5
John Arne Riise,John Arne,Riise,Norway,114787,-1,-1,-1,-1,-1,-1,-1,-1,-1,-1,-1,-1,-1,-1,-1,-1,-1,-1,-1,0,-1,-1,-1,0,0,0,0,0.15,0.16,1,0.02,0,0.07,0,0,0.17,0.05,0,0.15,0.25,0,0.25,0,0.2,0,0,0,0.2,0.2,-1,0,-1,-1,-1,-1,-1,0,-1,-1,-1
Alexander Sørloth,Alexander,Sørloth,Norway,1851,-1,-1,-1,-1,-1,-1,-1,-1,-1,-1,-1,-1,-1,-1,-1,-1,-1,-1,-1,-1,-1,-1,-1,-1,-1,-1,-1,-1,-1,-1,-1,-1,-1,-1,-1,-1,-1,-1,0.08,-1,0.1,-1,0,-1,0.18,-1,0.15,-1,0.21,-1,0.12,-1,0.17,0,0.29,0.11,0,0,0,0.33
Jakub B?aszczykowski,Jakub,B?aszczykowski,Poland,3006,-1,-1,-1,-1,-1,-1,-1,-1,-1,-1,-1,-1,-1,-1,-1,-1,-1,-1,-1,-1,-1,-1,-1,-1,-1,-1,-1,-1,0.09,-1,0.06,0,0.09,1,0.04,0,0.1,0,0.03,0.16,0.08,0.33,0.17,0.25,0.35,0,0.14,0.5,0.08,0,0.1,0.27,0,0,0.09,0.13,0.5,0.33,0.32,0
Kamil Glik,Kamil,Glik,Poland,97,-1,-1,-1,-1,-1,-1,-1,-1,-1,-1,-1,-1,-1,-1,-1,-1,-1,-1,-1,-1,-1,-1,-1,-1,-1,-1,-1,-1,-1,-1,-1,-1,-1,-1,-1,-1,0,-1,0.04,0.14,0,0,0.08,0,0.03,0,0.06,0.09,0.18,0,0,0.06,0.15,0,0.09,0.07,0.02,0,0.04,0.11
Kamil Grosicki,Kamil,Grosicki,Poland,3012,-1,-1,-1,-1,-1,-1,-1,-1,-1,-1,-1,-1,-1,-1,-1,-1,-1,-1,-1,-1,-1,-1,-1,-1,-1,-1,-1,-1,-1,-1,-1,-1,-1,-1,0.38,0,0.31,-1,0.11,0,0.33,0,0.17,0,0.08,0,0.12,0,0,0.67,0.25,0.32,0.12,0,0.24,0.27,0.23,0,0.18,0.4
Grzegorz Krychowiak,Grzegorz,Krychowiak,Poland,481,-1,-1,-1,-1,-1,-1,-1,-1,-1,-1,-1,-1,-1,-1,-1,-1,-1,-1,-1,-1,-1,-1,-1,-1,-1,-1,-1,-1,-1,-1,-1,-1,-1,-1,-1,0,-1,-1,0,-1,0.05,0,0,0,0.11,0,0.11,0,0.08,0,0.02,0.11,0,0,0,0.07,0.08,0,0.31,0.09
Robert Lewandowski,Robert,Lewandowski,Poland,521,-1,-1,-1,-1,-1,-1,-1,-1,-1,-1,-1,-1,-1,-1,-1,-1,-1,-1,-1,-1,-1,-1,-1,-1,-1,-1,-1,-1,-1,-1,-1,-1,-1,-1,-1,1,0.4,0,0.62,0.32,0.21,0.36,0.65,0.29,0.73,0,0.6,0.36,0.51,2,0.82,0.78,0.91,0,0.82,1.11,0.81,0,1.17,0.6
Arkadiusz Milik,Arkadiusz,Milik,Poland,333,-1,-1,-1,-1,-1,-1,-1,-1,-1,-1,-1,-1,-1,-1,-1,-1,-1,-1,-1,-1,-1,-1,-1,-1,-1,-1,-1,-1,-1,-1,-1,-1,-1,-1,-1,-1,-1,-1,-1,-1,0.4,-1,0.16,0.33,0.48,0,0.1,0.33,0.68,0.33,0.57,0.39,0.35,0,0.37,0.08,0.43,0.5,0.4,0.4
Krzysztof Pi?tek,Krzysztof,Pi?tek,Poland,1651,-1,-1,-1,-1,-1,-1,-1,-1,-1,-1,-1,-1,-1,-1,-1,-1,-1,-1,-1,-1,-1,-1,-1,-1,-1,-1,-1,-1,-1,-1,-1,-1,-1,-1,-1,-1,-1,-1,-1,-1,-1,-1,-1,-1,-1,-1,0,-1,0.25,-1,0.22,-1,0.31,-1,0.55,0,0.68,1,0.26,0.56
Waldemar Sobota,Waldemar,Sobota,Poland,24943,-1,-1,-1,-1,-1,-1,-1,-1,-1,-1,-1,-1,-1,-1,-1,-1,-1,-1,-1,-1,-1,-1,-1,-1,-1,-1,-1,-1,-1,-1,-1,-1,-1,-1,-1,-1,-1,-1,0.16,-1,0.1,1,0.09,0.5,0.21,0.33,0.22,0.14,0.07,-1,0.09,0,0.03,-1,0.14,-1,0,-1,0.17,-1
?ukasz Teodorczyk,?ukasz,Teodorczyk,Poland,10,-1,-1,-1,-1,-1,-1,-1,-1,-1,-1,-1,-1,-1,-1,-1,-1,-1,-1,-1,-1,-1,-1,-1,-1,-1,-1,-1,-1,0.18,-1,0.04,-1,0.37,0,0.04,0,0.4,-1,0.07,0,0,0,0.09,0,0.04,-1,0.07,0.29,0,0,0.04,0,0.11,0,0.06,0.07,0.03,-1,0.02,0
Piotr Zieli?ski,Piotr,Zieli?ski,Poland,329,-1,-1,-1,-1,-1,-1,-1,-1,-1,-1,-1,-1,-1,-1,-1,-1,-1,-1,-1,-1,-1,-1,-1,-1,-1,-1,-1,-1,-1,-1,-1,-1,-1,-1,-1,-1,-1,-1,-1,-1,-1,-1,-1,-1,0,0.5,0,0.33,0,0,0.14,0,0.13,0,0.15,0.11,0.13,0.25,0.04,0
Hugo Almeida,Hugo,Almeida,Portugal,41658,-1,-1,-1,-1,-1,-1,-1,-1,-1,-1,-1,-1,-1,-1,-1,-1,-1,-1,-1,-1,-1,-1,-1,-1,-1,-1,-1,0,0,-1,0.15,0,0.25,-1,0.52,0.18,0.32,0.67,0.31,0.54,0.47,0.5,0.4,0.23,0.45,0,0.45,0.33,0.13,0,0.24,0,0,-1,0.19,-1,-1,-1,0,-1
Bruno Alves,Bruno,Alves,Portugal,31015,-1,-1,-1,-1,-1,-1,-1,-1,-1,-1,-1,-1,-1,-1,-1,-1,-1,-1,-1,-1,-1,-1,-1,-1,-1,-1,-1,-1,-1,-1,0,-1,0.06,0,0.08,0.15,0.15,0.25,0.11,0.11,0.09,0,0,0,0.07,0,0.07,0.29,0.03,0,0.02,0,0.03,0,0.09,0.2,0.12,-1,0,-1
Gonçalo Guedes,Gonçalo,Guedes,Portugal,925,-1,-1,-1,-1,-1,-1,-1,-1,-1,-1,-1,-1,-1,-1,-1,-1,-1,-1,-1,-1,-1,-1,-1,-1,-1,-1,-1,-1,-1,-1,-1,-1,-1,-1,-1,-1,-1,-1,-1,-1,-1,-1,-1,-1,-1,-1,-1,-1,0,0,0.15,0,0.14,0.5,0.15,0.2,0.2,0.5,0.08,0.4
Éder Lopes,Éder,Lopes,Portugal,492,-1,-1,-1,-1,-1,-1,-1,-1,-1,-1,-1,-1,-1,-1,-1,-1,-1,-1,-1,-1,-1,-1,-1,-1,-1,-1,-1,-1,-1,-1,-1,-1,-1,-1,-1,-1,0.04,-1,0.18,-1,0.2,-1,0.35,0,0.56,0,0.25,0,0.37,0.33,0.21,0.21,0.19,0,0.14,0.33,0.09,0,0.21,0
Raul Meireles,Raul,Meireles,Portugal,114800,-1,-1,-1,-1,-1,-1,-1,-1,-1,-1,-1,-1,-1,-1,-1,-1,-1,-1,-1,-1,-1,-1,-1,-1,-1,-1,-1,-1,0,-1,0.11,-1,0.12,0,0.11,0.08,0.1,0.25,0.08,0.19,0.12,0,0.12,0.11,0.08,0.5,0.08,0.08,0.07,-1,0.05,0,-1,-1,-1,-1,-1,-1,-1,-1
João Moutinho,João,Moutinho,Portugal,2677,-1,-1,-1,-1,-1,-1,-1,-1,-1,-1,-1,-1,-1,-1,-1,-1,-1,-1,-1,-1,-1,-1,-1,-1,-1,-1,-1,-1,-1,0,0.11,0,0.11,0,0.17,0.08,0.11,0,0.16,0,0.04,0,0.08,0.05,0.08,0,0.03,0,0.1,0,0.03,0.12,0.06,0.33,0.02,0.06,0.02,0,0.02,0
Luís Nani,Luís,Nani,Portugal,50940,-1,-1,-1,-1,-1,-1,-1,-1,-1,-1,-1,-1,-1,-1,-1,-1,-1,-1,-1,-1,-1,-1,-1,-1,-1,-1,-1,-1,-1,-1,0.13,0,0.17,0,0.08,0.12,0.13,0,0.15,0.27,0.21,0,0.21,0.32,0.14,0,0.07,0.11,0.3,0.25,0.26,0.35,0.19,0.2,0.12,0,0.32,-1,-1,-1
 Pepe,,Pepe,Portugal,373,-1,-1,-1,-1,-1,-1,-1,-1,-1,-1,-1,-1,-1,-1,-1,-1,-1,-1,-1,-1,-1,-1,-1,-1,-1,-1,-1,-1,0,-1,0.1,-1,0.12,-1,0,0.11,0,0,0.06,0.07,0.03,0,0.02,0.07,0.05,0,0.1,0,0.06,0,0.03,0.07,0.11,0.17,0.06,0.12,0.19,0,0.03,0
Hélder Postiga,Hélder,Postiga,Portugal,115228,-1,-1,-1,-1,-1,-1,-1,-1,-1,-1,-1,-1,-1,-1,-1,-1,-1,-1,-1,-1,-1,-1,-1,-1,-1,0.5,0.05,0.4,0,0.5,0.11,0.21,0.39,0,0.1,0.4,0.19,-1,0.03,2,0.26,0.33,0.23,0.4,0.34,0.33,0.14,0.43,0.12,-1,0.45,0,0,-1,-1,-1,-1,-1,-1,-1
Ricardo Quaresma,Ricardo,Quaresma,Portugal,1989,-1,-1,-1,-1,-1,-1,-1,-1,-1,-1,-1,-1,-1,-1,-1,-1,-1,-1,-1,-1,-1,-1,-1,-1,-1,0,0.05,-1,1,0,0.16,0,0.24,0,0.29,0.19,0.04,-1,0,0,0.28,0,0.21,0,-1,-1,0.38,0.5,0.23,0,0.14,0.21,0.14,0.2,0.16,0.06,0.12,-1,0.15,-1
Cristiano Ronaldo,Cristiano,Ronaldo,Portugal,874,-1,-1,-1,-1,-1,-1,-1,-1,-1,-1,-1,-1,-1,-1,-1,-1,-1,-1,-1,-1,-1,-1,-1,-1,0.14,0,0.11,0.18,0.22,0,0.26,0.45,0.43,0,0.88,0.47,0.49,0.5,0.94,0.06,0.98,1,1.11,0.65,1,1,1.06,0.65,1.2,0,1.06,0.69,0.87,0.6,1,1.31,0.64,1.5,0.83,1.22
Simão Sabrosa,Simão,Sabrosa,Portugal,116873,-1,-1,-1,-1,-1,-1,-1,-1,-1,-1,-1,-1,-1,-1,-1,1,-1,-1,-1,0,-1,0,-1,0,-1,0.38,-1,0,-1,0,0.34,0.35,0.47,1,0.3,0.4,0.22,0,0.12,0.29,0.32,-1,0.12,-1,0.11,-1,0.06,-1,-1,-1,-1,-1,-1,-1,-1,-1,-1,-1,-1,-1
André Silva,André,Silva,Portugal,2063,-1,-1,-1,-1,-1,-1,-1,-1,-1,-1,-1,-1,-1,-1,-1,-1,-1,-1,-1,-1,-1,-1,-1,-1,-1,-1,-1,-1,-1,-1,-1,-1,-1,-1,-1,-1,-1,-1,-1,-1,-1,-1,-1,-1,-1,-1,-1,-1,-1,-1,0.27,0,0.5,0.29,0.25,0.53,0.27,0.75,0.42,0
Bernardo Silva,Bernardo,Silva,Portugal,636,-1,-1,-1,-1,-1,-1,-1,-1,-1,-1,-1,-1,-1,-1,-1,-1,-1,-1,-1,-1,-1,-1,-1,-1,-1,-1,-1,-1,-1,-1,-1,-1,-1,-1,-1,-1,-1,-1,-1,-1,-1,-1,-1,-1,-1,-1,0,-1,0.22,0,0.16,0.25,0.18,0.14,0.17,0,0.25,0.2,0.16,0.33
Silvestre Varela,Silvestre,Varela,Portugal,50123,-1,-1,-1,-1,-1,-1,-1,-1,-1,-1,-1,-1,-1,-1,-1,-1,-1,-1,-1,-1,-1,-1,-1,-1,-1,-1,-1,-1,-1,-1,0.12,-1,0.1,-1,0,-1,0.14,-1,0.4,0,0.29,0.5,0.13,0.12,0.18,0,0.21,0.23,0.14,0,0.1,0,0,-1,0.27,-1,0.06,-1,0.14,-1
Alexandru Chipciu,Alexandru,Chipciu,Romania,55967,-1,-1,-1,-1,-1,-1,-1,-1,-1,-1,-1,-1,-1,-1,-1,-1,-1,-1,-1,-1,-1,-1,-1,-1,-1,-1,-1,-1,-1,-1,-1,-1,-1,-1,-1,-1,-1,-1,0.5,-1,0.11,0.5,0.21,0,0.19,-1,0.24,0.29,0.15,-1,0.22,0,0.12,0,0,0.08,0.03,0.2,0,0.2
Gheorghe-Teodor Grozav,Gheorghe-Teodor,Grozav,Romania,28539,-1,-1,-1,-1,-1,-1,-1,-1,-1,-1,-1,-1,-1,-1,-1,-1,-1,-1,-1,-1,-1,-1,-1,-1,-1,-1,-1,-1,-1,-1,-1,-1,-1,-1,-1,-1,0,-1,0.11,-1,0,-1,0.24,0.5,0.25,0,0.4,0.09,0.36,-1,0.1,0,0.22,0.67,0.08,0,0.3,-1,0.3,0
Claudiu Ke?erü,Claudiu,Ke?erü,Romania,1074,-1,-1,-1,-1,-1,-1,-1,-1,-1,-1,-1,-1,-1,-1,-1,-1,-1,-1,-1,-1,-1,-1,-1,-1,-1,-1,-1,-1,-1,-1,-1,-1,0.5,-1,-1,-1,0.43,-1,0.17,-1,0.29,-1,0.22,-1,0.53,-1,0.27,1.5,0.7,0,0,0.18,0.59,0,0.31,0.12,0.23,0.17,0.43,0.75
Ciprian Marica,Ciprian,Marica,Romania,114998,-1,-1,-1,-1,-1,-1,-1,-1,-1,-1,-1,-1,-1,-1,-1,-1,-1,-1,-1,-1,-1,-1,-1,-1,-1,0,0.3,-1,-1,-1,0.17,0.4,0.32,0,0.09,0.54,0.19,0.33,0.33,0.25,0.25,0,0.09,0.23,0.32,1.5,0.24,0.38,0.25,-1,0,1,-1,-1,-1,-1,-1,-1,-1,-1
Adrian Mutu,Adrian,Mutu,Romania,113670,-1,-1,-1,-1,-1,-1,-1,-1,-1,-1,-1,-1,-1,-1,-1,-1,-1,-1,-1,-1,-1,-1,-1,-1,-1,-1,-1,-1,-1,-1,-1,-1,-1,-1,-1,-1,-1,-1,-1,-1,-1,-1,-1,-1,-1,-1,-1,0.25,0.33,-1,0,-1,-1,-1,-1,-1,-1,-1,-1,-1
George Pu?ca?,George,Pu?ca?,Romania,31562,-1,-1,-1,-1,-1,-1,-1,-1,-1,-1,-1,-1,-1,-1,-1,-1,-1,-1,-1,-1,-1,-1,-1,-1,-1,-1,-1,-1,-1,-1,-1,-1,-1,-1,-1,-1,-1,-1,-1,-1,-1,-1,-1,-1,0.15,-1,0,0,0,-1,0.28,0,0.32,-1,0.32,0,0.27,0.5,0.35,0.45
Nicolae Stanciu,Nicolae,Stanciu,Romania,44439,-1,-1,-1,-1,-1,-1,-1,-1,-1,-1,-1,-1,-1,-1,-1,-1,-1,-1,-1,-1,-1,-1,-1,-1,-1,-1,-1,-1,-1,-1,-1,-1,-1,-1,-1,-1,-1,-1,0.2,-1,0.08,-1,0.1,-1,0.06,-1,0.14,-1,0.21,-1,0.39,0.57,0.26,0.33,0.25,0.25,0.2,0.33,0.1,0
Bogdan Stancu,Bogdan,Stancu,Romania,61828,-1,-1,-1,-1,-1,-1,-1,-1,-1,-1,-1,-1,-1,-1,-1,-1,-1,-1,-1,-1,-1,-1,-1,-1,-1,-1,-1,-1,-1,-1,-1,-1,-1,-1,-1,-1,0.35,-1,0.41,0,0.44,0,0.31,0.18,0.33,0.67,0.46,0.2,0.37,1,0.33,0.27,0.09,1,0.28,0.29,0.27,-1,0.58,-1
Cristian T?nase,Cristian,T?nase,Romania,62256,-1,-1,-1,-1,-1,-1,-1,-1,-1,-1,-1,-1,-1,-1,-1,-1,-1,-1,-1,-1,-1,-1,-1,-1,-1,-1,-1,-1,-1,-1,-1,-1,-1,-1,-1,0,0.06,0,0.04,0.14,0.08,0.2,0.17,0.22,0.18,0.5,0.13,0.08,0.17,-1,0,0,0.1,-1,0.04,-1,0.08,-1,0.05,-1
Gabriel Torje,Gabriel,Torje,Romania,50095,-1,-1,-1,-1,-1,-1,-1,-1,-1,-1,-1,-1,-1,-1,-1,-1,-1,-1,-1,-1,-1,-1,-1,-1,-1,-1,-1,-1,-1,-1,-1,-1,-1,-1,-1,-1,0.1,-1,0.08,0,0.3,0.33,0.13,0.31,0.09,0.33,0,0.23,0.17,0,0.12,0.12,0,0,0.23,0,0.05,-1,-1,-1
Andrei Arshavin,Andrei,Arshavin,Russia,105837,-1,-1,-1,-1,-1,-1,-1,-1,-1,-1,-1,-1,-1,-1,-1,-1,-1,-1,-1,-1,-1,-1,-1,0,-1,-1,-1,0,0.31,1,0.25,0.38,0.33,0,0.29,0.35,0.27,0,0.31,0.21,0.19,0,0.13,0.06,0.09,-1,0.12,-1,0.1,-1,0.07,-1,0.38,-1,0.5,-1,0.2,-1,-1,-1
Diniyar Bilyaletdinov,Diniyar,Bilyaletdinov,Russia,104625,-1,-1,-1,-1,-1,-1,-1,-1,-1,-1,-1,-1,-1,-1,-1,-1,-1,-1,-1,-1,-1,-1,-1,-1,-1,-1,-1,-1,0.28,-1,0.09,0,0.07,0,1.43,0.11,0.21,-1,0.21,0.43,0.06,0,0.05,0.17,0.16,-1,0.14,0,0.11,-1,0.1,-1,0,-1,-1,-1,-1,-1,-1,-1
Denis Cheryshev,Denis,Cheryshev,Russia,923,-1,-1,-1,-1,-1,-1,-1,-1,-1,-1,-1,-1,-1,-1,-1,-1,-1,-1,-1,-1,-1,-1,-1,-1,-1,-1,-1,-1,-1,-1,-1,-1,-1,-1,-1,-1,-1,-1,-1,-1,0.09,-1,0.24,0,0.31,-1,0,0,0.17,0,0.29,0,0,-1,0.12,0.5,0.1,0.67,0.1,1
Alan Dzagoev,Alan,Dzagoev,Russia,835,-1,-1,-1,-1,-1,-1,-1,-1,-1,-1,-1,-1,-1,-1,-1,-1,-1,-1,-1,-1,-1,-1,-1,-1,-1,-1,-1,-1,-1,-1,-1,-1,-1,-1,0.4,-1,0.32,0,0.28,0,0.12,0,0.15,0.5,0.23,0,0.14,0,0.25,0,0.21,0.1,0.28,0,0.19,0,0,0,0,-1
Artyom Dzyuba,Artyom,Dzyuba,Russia,1223,-1,-1,-1,-1,-1,-1,-1,-1,-1,-1,-1,-1,-1,-1,-1,-1,-1,-1,-1,-1,-1,-1,-1,-1,-1,-1,-1,-1,-1,-1,0,-1,0.06,-1,0.12,-1,0.42,-1,0.38,-1,0.44,0,0.25,0,0.12,-1,0.61,0,0.32,0,0.53,0.73,0.42,0,0.23,0.5,0.35,0.25,0.58,0.82
Sergei Ignashevich,Sergei,Ignashevich,Russia,104575,-1,-1,-1,-1,-1,-1,-1,-1,-1,-1,-1,-1,-1,-1,-1,-1,-1,-1,-1,-1,-1,-1,-1,0,-1,0,-1,0.25,0.23,-1,0.07,0,0.09,-1,0.12,0,0.07,0,0.05,0.07,0.27,0,0.11,0.06,0,0,0.05,0.11,0,0,0.11,0.07,0.14,-1,0.03,0,0,-1,-1,-1
Aleksandr Kerzhakov,Aleksandr,Kerzhakov,Russia,104610,-1,-1,-1,-1,-1,-1,-1,-1,-1,-1,-1,-1,-1,-1,-1,-1,-1,-1,-1,-1,-1,-1,-1,0.2,-1,0,-1,0.17,0.28,0,0.29,0.31,0.33,-1,0.26,0.56,0.6,0,0.4,0.4,0.56,0,0.61,0.31,0.34,0,0.3,0.53,0.19,1,0.37,0,0.12,-1,0,-1,-1,-1,-1,-1
Aleksander Kokorin,Aleksander,Kokorin,Russia,1224,-1,-1,-1,-1,-1,-1,-1,-1,-1,-1,-1,-1,-1,-1,-1,-1,-1,-1,-1,-1,-1,-1,-1,-1,-1,-1,-1,-1,-1,-1,-1,-1,-1,-1,0.29,-1,0.12,-1,0.04,-1,0,0,0.17,0,0.5,0,0.43,0.38,0.26,1,0.33,0.29,0.27,0,0.54,0,0.4,-1,0.7,-1
Aleksei Miranchuk,Aleksei,Miranchuk,Russia,484,-1,-1,-1,-1,-1,-1,-1,-1,-1,-1,-1,-1,-1,-1,-1,-1,-1,-1,-1,-1,-1,-1,-1,-1,-1,-1,-1,-1,-1,-1,-1,-1,-1,-1,-1,-1,-1,-1,-1,-1,-1,-1,-1,-1,0.17,-1,0.11,-1,0.1,1,0.09,0,0.15,0.33,0.2,0,0.12,0,0.45,0.2
Roman Pavlyuchenko,Roman,Pavlyuchenko,Russia,104620,-1,-1,-1,-1,-1,-1,-1,-1,-1,-1,-1,-1,-1,-1,-1,-1,-1,-1,-1,-1,-1,-1,-1,-1,-1,0,-1,-1,0.44,-1,0.67,0.25,0.53,0.5,0.67,0.44,0.26,1,0.42,0.45,0.33,0.33,0.25,0.38,0.2,-1,0.24,-1,0.17,-1,0.2,-1,0.17,-1,0,-1,-1,-1,-1,-1
Pavel Pogrebnyak,Pavel,Pogrebnyak,Russia,53645,-1,-1,-1,-1,-1,-1,-1,-1,-1,-1,-1,-1,-1,-1,-1,-1,-1,-1,-1,-1,-1,-1,-1,-1,-1,-1,-1,-1,0.17,-1,0.5,1,0.46,0,0.79,0.43,0.27,0,0.23,0.1,0.36,0.33,0.26,0.2,0.25,-1,0.32,-1,0.21,-1,0.05,-1,0,-1,0.44,-1,0.21,-1,0.28,-1
Aleksandr Samedov,Aleksandr,Samedov,Russia,53687,-1,-1,-1,-1,-1,-1,-1,-1,-1,-1,-1,-1,-1,-1,-1,-1,-1,-1,-1,-1,-1,-1,-1,-1,-1,-1,-1,-1,-1,-1,0.25,-1,0,-1,0,-1,0.22,-1,0.11,-1,0.33,-1,0.12,0,0.07,0.5,0.23,0.12,0.11,0,0.39,0.18,0.3,0.11,0.11,0.11,0,-1,-1,-1
Roman Shirokov,Roman,Shirokov,Russia,105797,-1,-1,-1,-1,-1,-1,-1,-1,-1,-1,-1,-1,-1,-1,-1,-1,-1,-1,-1,-1,-1,-1,-1,-1,-1,-1,-1,-1,-1,-1,-1,-1,0.26,-1,0.11,0,0.04,-1,0.26,0.5,0.14,0.33,0.38,0.38,0.16,0.25,0.48,0.25,0.26,0.33,0.04,0,0,-1,-1,-1,-1,-1,-1,-1
Fyodor Smolov,Fyodor,Smolov,Russia,493,-1,-1,-1,-1,-1,-1,-1,-1,-1,-1,-1,-1,-1,-1,-1,-1,-1,-1,-1,-1,-1,-1,-1,-1,-1,-1,-1,-1,-1,-1,-1,-1,0,-1,0.14,-1,0,-1,0,-1,0,-1,0.08,1,0.04,0.33,0.07,0,0.31,0.5,0.55,0.25,0.81,0.56,0.58,0.11,0.26,-1,0.16,1
Dmitri Sychev,Dmitri,Sychev,Russia,118072,-1,-1,-1,-1,-1,-1,-1,-1,-1,-1,-1,-1,-1,-1,-1,-1,-1,-1,-1,-1,-1,-1,-1,0.33,-1,0,-1,0.4,-1,0,1,0.67,0,0.5,0,0.25,0.46,-1,0.3,0,0.33,-1,0.23,0,0.19,-1,0.11,-1,0,-1,-1,-1,-1,-1,-1,-1,-1,-1,0,-1
Kris Boyd,Kris,Boyd,Scotland,44792,-1,-1,-1,-1,-1,-1,-1,-1,-1,-1,-1,-1,-1,-1,-1,-1,-1,-1,-1,-1,-1,-1,-1,-1,-1,-1,-1,-1,-1,-1,0.82,-1,0.62,-1,0.97,0.4,0.75,-1,0.66,0,0.29,-1,0.24,0,0.38,0,0.61,-1,0.22,-1,0.19,-1,0.29,-1,0.55,-1,0.26,-1,0,-1
Darren Fletcher,Darren,Fletcher,Scotland,19505,-1,-1,-1,-1,-1,-1,-1,-1,-1,-1,-1,-1,-1,-1,-1,-1,-1,-1,-1,-1,-1,-1,-1,-1,-1,-1,-1,-1,-1,-1,-1,-1,-1,-1,-1,-1,-1,-1,-1,-1,0.22,-1,0.2,-1,0.38,-1,0.24,-1,0.32,-1,0.26,-1,0.3,-1,0.08,-1,0.15,-1,0.07,-1
Steven Fletcher,Steven,Fletcher,Scotland,19398,-1,-1,-1,-1,-1,-1,-1,-1,-1,-1,-1,-1,-1,-1,-1,-1,-1,-1,-1,-1,-1,-1,-1,-1,-1,-1,-1,-1,-1,-1,0.24,-1,0.19,-1,0.45,0,0.32,0,0.32,0.2,0.35,-1,0.35,0,0.35,0,0.12,0,0.15,0,0.19,0.54,0.27,0,0.15,0.33,0.24,0.5,0.43,-1
James Forrest,James,Forrest,Scotland,1127,-1,-1,-1,-1,-1,-1,-1,-1,-1,-1,-1,-1,-1,-1,-1,-1,-1,-1,-1,-1,-1,-1,-1,-1,-1,-1,-1,-1,-1,-1,-1,-1,-1,-1,-1,-1,-1,-1,0.5,-1,0.14,0,0.22,0,0.12,0,0.27,0,0.17,0,0.06,0,0.19,0,0.25,0,0.27,1.67,0.35,0
Shaun Maloney,Shaun,Maloney,Scotland,90510,-1,-1,-1,-1,-1,-1,-1,-1,-1,-1,-1,-1,-1,-1,-1,-1,-1,-1,-1,-1,-1,-1,-1,-1,-1,-1,-1,-1,-1,0,0,0,0.08,-1,0.19,0.11,0.12,-1,0,0,0.17,-1,0.19,0,0.17,0,0.25,0.1,0.13,0,0.04,0.42,0.07,-1,-1,0,-1,-1,-1,-1
James McFadden,James,McFadden,Scotland,97943,-1,-1,-1,-1,-1,-1,-1,-1,-1,-1,-1,-1,-1,-1,-1,-1,-1,-1,-1,-1,-1,-1,-1,-1,-1,-1,0,0.38,0.05,0,0.18,0.33,0.11,-1,0.26,0.4,0.13,0,0.12,0.33,0.2,-1,0,0,0,-1,0.5,-1,0,-1,-1,-1,-1,-1,0,-1,-1,-1,-1,-1
John McGinn,John,McGinn,Scotland,19191,-1,-1,-1,-1,-1,-1,-1,-1,-1,-1,-1,-1,-1,-1,-1,-1,-1,-1,-1,-1,-1,-1,-1,-1,-1,-1,-1,-1,-1,-1,-1,-1,-1,-1,-1,-1,-1,-1,-1,-1,-1,-1,-1,-1,0.04,-1,0.08,-1,0,-1,0.1,0,0.12,0,0.14,0,0.19,0,0.1,0.78
Kenny Miller,Kenny,Miller,Scotland,45047,-1,-1,-1,-1,-1,-1,-1,-1,-1,-1,-1,-1,-1,-1,-1,-1,-1,-1,-1,-1,-1,0,-1,-1,-1,-1,0.08,0.25,-1,-1,0.29,0.33,0.18,-1,0.22,0.4,0.3,0,0.49,0,0.68,0.33,0.22,0.25,-1,0.5,-1,0.17,0.25,-1,0.51,-1,0.26,-1,0.24,-1,0.23,-1,0.33,-1
Steven Naismith,Steven,Naismith,Scotland,44881,-1,-1,-1,-1,-1,-1,-1,-1,-1,-1,-1,-1,-1,-1,-1,-1,-1,-1,-1,-1,-1,-1,-1,-1,-1,-1,-1,-1,-1,-1,0.36,-1,0.41,-1,0.18,0,0,0,0.11,0,0.36,0,0.6,0.2,0.11,0,0.25,0.11,0.21,0,0.19,0.27,0.22,1,0.24,0.33,0.56,0.5,0.22,0.5
Robert Snodgrass,Robert,Snodgrass,Scotland,18828,-1,-1,-1,-1,-1,-1,-1,-1,-1,-1,-1,-1,-1,-1,-1,-1,-1,-1,-1,-1,-1,-1,-1,-1,-1,-1,-1,-1,-1,-1,-1,-1,-1,-1,-1,-1,0.2,-1,0.17,-1,0.18,0.5,0.3,0,0.17,0,0.21,0.4,0,-1,0.17,0,0.23,0,0.16,0.5,0.11,0,0.19,0
Filip Djuricic,Filip,Djuricic,Serbia,30536,-1,-1,-1,-1,-1,-1,-1,-1,-1,-1,-1,-1,-1,-1,-1,-1,-1,-1,-1,-1,-1,-1,-1,-1,-1,-1,-1,-1,-1,-1,-1,-1,-1,-1,-1,-1,-1,-1,0.11,-1,0.08,-1,0.33,0.25,0.27,0,0.05,0.3,0,0,0.05,0,0,-1,0,-1,0.08,-1,0.17,0
Filip ?or?evi?,Filip,?or?evi?,Serbia,30762,-1,-1,-1,-1,-1,-1,-1,-1,-1,-1,-1,-1,-1,-1,-1,-1,-1,-1,-1,-1,-1,-1,-1,-1,-1,-1,-1,-1,-1,-1,-1,-1,-1,-1,0.33,0,0.11,-1,0.11,-1,0.39,-1,0.2,1,0.62,0.33,0.41,0.22,0.33,-1,0.19,0,0.06,-1,0,-1,0.07,-1,0.29,-1
Branislav Ivanovic,Branislav,Ivanovic,Serbia,1200,-1,-1,-1,-1,-1,-1,-1,-1,-1,-1,-1,-1,-1,-1,-1,-1,-1,-1,-1,-1,-1,-1,-1,-1,-1,-1,-1,-1,0.07,0,0.12,0,0.12,-1,0,0.1,0.08,0,0,0.18,0.13,0,0.11,0.14,0.14,0,0.07,0.12,0.12,0.67,0.04,0.08,0.07,0,0.13,0.13,0.05,-1,0.12,-1
Aleksandar Kolarov,Aleksandar,Kolarov,Serbia,771,-1,-1,-1,-1,-1,-1,-1,-1,-1,-1,-1,-1,-1,-1,-1,-1,-1,-1,-1,-1,-1,-1,-1,-1,-1,-1,-1,-1,0.07,-1,0.09,-1,0.15,-1,0.04,0,0.08,0,0.12,0,0.08,0,0.15,0,0.14,0,0.12,0.43,0.06,0,0.07,0.17,0.02,0,0.06,0.2,0.21,0,0.16,0
Danko Lazovi?,Danko,Lazovi?,Serbia,89024,-1,-1,-1,-1,-1,-1,-1,-1,-1,-1,-1,-1,-1,-1,-1,-1,-1,-1,-1,-1,-1,-1,-1,-1,-1,-1,-1,-1,-1,-1,0,1,0.66,-1,0.38,0.25,0.37,0.4,0.2,0,0.29,-1,0.3,0.33,0.09,-1,0.6,0,0.43,-1,-1,0,0.32,-1,0.48,-1,0.23,-1,-1,-1
Adem Ljajic,Adem,Ljajic,Serbia,2002,-1,-1,-1,-1,-1,-1,-1,-1,-1,-1,-1,-1,-1,-1,-1,-1,-1,-1,-1,-1,-1,-1,-1,-1,-1,-1,-1,-1,-1,-1,-1,-1,-1,-1,-1,-1,0.18,-1,0.18,0,0.11,0,0.06,0,0.39,-1,0.18,0,0.21,0.33,0.14,0.25,0.33,1,0.21,0.1,0.26,0.4,0.27,0.12
Lazar Markovi?,Lazar,Markovi?,Serbia,19028,-1,-1,-1,-1,-1,-1,-1,-1,-1,-1,-1,-1,-1,-1,-1,-1,-1,-1,-1,-1,-1,-1,-1,-1,-1,-1,-1,-1,-1,-1,-1,-1,-1,-1,-1,-1,-1,-1,-1,-1,0,-1,0.21,0.33,0.23,0,0.16,0.08,0.08,0.5,0.08,0,0.12,0,0.22,0,0,-1,0.29,-1
Sergej Milinkovic-Savi?,Sergej,Milinkovic-Savi?,Serbia,1856,-1,-1,-1,-1,-1,-1,-1,-1,-1,-1,-1,-1,-1,-1,-1,-1,-1,-1,-1,-1,-1,-1,-1,-1,-1,-1,-1,-1,-1,-1,-1,-1,-1,-1,-1,-1,-1,-1,-1,-1,-1,-1,-1,-1,-1,-1,0.25,-1,0.21,-1,0.09,0,0.18,0,0.29,0,0.17,0,0.19,0.4
Aleksandar Mitrovic,Aleksandar,Mitrovic,Serbia,2825,-1,-1,-1,-1,-1,-1,-1,-1,-1,-1,-1,-1,-1,-1,-1,-1,-1,-1,-1,-1,-1,-1,-1,-1,-1,-1,-1,-1,-1,-1,-1,-1,-1,-1,-1,-1,-1,-1,-1,-1,-1,-1,0.27,-1,0.42,0,0.42,0.14,0.54,0.33,0.25,0.17,0.21,1,0.52,0.75,0.28,1,0.63,1.11
Dušan Tadi?,Dušan,Tadi?,Serbia,554,-1,-1,-1,-1,-1,-1,-1,-1,-1,-1,-1,-1,-1,-1,-1,-1,-1,-1,-1,-1,-1,-1,-1,-1,-1,-1,-1,-1,-1,-1,-1,-1,0.13,-1,0.23,0,0.29,-1,0.34,0,0.17,-1,0.2,0,0.31,0.75,0.47,0.2,0.14,0,0.2,0.2,0.07,0,0.17,0.29,0.64,0.2,0.34,0.29
Zoran Toši?,Zoran,Toši?,Serbia,45838,-1,-1,-1,-1,-1,-1,-1,-1,-1,-1,-1,-1,-1,-1,-1,-1,-1,-1,-1,-1,-1,-1,-1,-1,-1,-1,-1,-1,-1,-1,0,-1,-1,-1,0.23,0,0.33,0.67,0.26,0.18,0.27,0.25,0.21,0.14,0.11,0,0.36,0.14,0.21,0,0.15,0.23,0.04,0,0.45,0,0.24,-1,0.24,-1
Nikola Žigi?,Nikola,Žigi?,Serbia,115957,-1,-1,-1,-1,-1,-1,-1,-1,-1,-1,-1,-1,-1,-1,-1,-1,-1,-1,-1,-1,-1,-1,-1,-1,-1,-1,-1,-1,0.61,-1,0.41,0,0.38,-1,0.06,0.54,0.68,0.67,0.35,0.22,0.24,0,0.28,0.4,0.25,-1,0.23,-1,0,-1,0,-1,-1,-1,-1,-1,-1,-1,-1,-1
Marek ?ech,Marek,?ech,Slovakia,114887,-1,-1,-1,-1,-1,-1,-1,-1,-1,-1,-1,-1,-1,-1,-1,-1,-1,-1,-1,-1,-1,-1,-1,-1,0,-1,-1,-1,-1,-1,0.06,0,0.04,0,0,0.25,0,0,0.05,0.25,0,0,0.02,0,0,0,0,0,-1,-1,0,-1,-1,-1,-1,-1,-1,-1,-1,-1
Ondrej Duda,Ondrej,Duda,Slovakia,25349,-1,-1,-1,-1,-1,-1,-1,-1,-1,-1,-1,-1,-1,-1,-1,-1,-1,-1,-1,-1,-1,-1,-1,-1,-1,-1,-1,-1,-1,-1,-1,-1,-1,-1,-1,-1,-1,-1,-1,-1,-1,-1,-1,-1,0.06,-1,0.24,0,0.18,0.33,0.12,0.1,0,0,0.04,0.11,0.31,0,0.04,0.17
Michal ?uriš,Michal,?uriš,Slovakia,15414,-1,-1,-1,-1,-1,-1,-1,-1,-1,-1,-1,-1,-1,-1,-1,-1,-1,-1,-1,-1,-1,-1,-1,-1,-1,-1,-1,-1,-1,-1,-1,-1,-1,-1,-1,-1,-1,-1,0.21,-1,0.16,-1,0.21,0,0.16,0,0.22,0,0.25,1,0.51,0.07,0.25,0,0.61,0,0.34,0,0.27,0
Marek Hamšík,Marek,Hamšík,Slovakia,12994,-1,-1,-1,-1,-1,-1,-1,-1,-1,-1,-1,-1,-1,-1,-1,-1,-1,-1,-1,-1,-1,-1,-1,-1,-1,-1,-1,-1,0.17,-1,0,-1,0.25,0,0.24,0.29,0.28,0.4,0.31,0.12,0.27,0,0.24,0.07,0.26,0,0.16,0.27,0.25,0,0.17,0.39,0.31,0,0.14,0.14,0.06,0.2,0.14,0.33
Filip Hološko,Filip,Hološko,Slovakia,66106,-1,-1,-1,-1,-1,-1,-1,-1,-1,-1,-1,-1,-1,-1,-1,-1,-1,-1,-1,-1,-1,-1,-1,-1,-1,-1,-1,-1,-1,0,0.31,0.29,0.32,0,0.45,0.25,0.35,0,0.26,0.1,0.32,0.5,0.15,0.07,0.35,0,0.15,0.2,0.07,0,0.42,0,0.29,-1,0.24,-1,0.09,-1,0,-1
Martin Jakubko,Martin,Jakubko,Slovakia,117995,-1,-1,-1,-1,-1,-1,-1,-1,-1,-1,-1,-1,-1,-1,-1,-1,-1,-1,-1,-1,-1,-1,-1,-1,-1,-1,-1,-1,-1,0,-1,0,-1,1,0,0.5,0.33,0,0,0.25,0.31,-1,0.4,1,0.19,0,0.2,0.5,0,0,0.24,0,-1,-1,-1,-1,-1,-1,-1,-1
Juraj Kucka,Juraj,Kucka,Slovakia,31023,-1,-1,-1,-1,-1,-1,-1,-1,-1,-1,-1,-1,-1,-1,-1,-1,-1,-1,-1,-1,-1,-1,-1,-1,-1,-1,-1,-1,-1,-1,-1,-1,0,-1,0.21,-1,0.2,0,0.22,0,0.12,0.5,0.07,0,0.09,0.25,0.17,0,0.06,0,0.03,0.2,0.12,0,0.12,0.1,0.14,0.33,0.21,0.22
Róbert Mak,Róbert,Mak,Slovakia,1213,-1,-1,-1,-1,-1,-1,-1,-1,-1,-1,-1,-1,-1,-1,-1,-1,-1,-1,-1,-1,-1,-1,-1,-1,-1,-1,-1,-1,-1,-1,-1,-1,-1,-1,-1,-1,-1,-1,-1,-1,0.14,-1,0.18,-1,0.23,0.25,0,0.12,0.2,1,0.76,0.13,0.22,0,0.25,0.15,0.17,0.25,0.15,0.12
Adam Nemec,Adam,Nemec,Slovakia,15447,-1,-1,-1,-1,-1,-1,-1,-1,-1,-1,-1,-1,-1,-1,-1,-1,-1,-1,-1,-1,-1,-1,-1,-1,-1,-1,-1,-1,0.12,-1,0,-1,0.62,-1,0.33,-1,0.19,-1,0.17,-1,0.15,0,0.21,-1,0.3,0,0.17,0.14,0.22,0,0,0.38,0.38,0,0.21,0.64,0.56,0,0.07,-1
Albert Rusnak,Albert,Rusnak,Slovakia,51212,-1,-1,-1,-1,-1,-1,-1,-1,-1,-1,-1,-1,-1,-1,-1,-1,-1,-1,-1,-1,-1,-1,-1,-1,-1,-1,-1,-1,-1,-1,-1,-1,-1,-1,-1,-1,-1,-1,-1,-1,-1,-1,-1,-1,-1,-1,0,-1,0.26,-1,0.12,0,0.17,0,0.33,0.22,0.32,0.33,0.21,0.12
Filip Šebo,Filip,Šebo,Slovakia,210711,-1,-1,-1,-1,-1,-1,-1,-1,-1,-1,-1,-1,-1,-1,-1,-1,-1,-1,-1,-1,-1,-1,-1,-1,-1,-1,-1,-1,0.88,-1,0.29,-1,0.29,0,0.12,0.4,0.05,-1,0.09,1,0.86,0,0.19,0.25,0.3,-1,-1,-1,-1,-1,-1,-1,-1,-1,-1,-1,-1,-1,-1,-1
Martin Škrtel,Martin,Škrtel,Slovakia,1350,-1,-1,-1,-1,-1,-1,-1,-1,-1,-1,-1,-1,-1,-1,-1,-1,-1,-1,-1,-1,-1,-1,-1,-1,0,-1,-1,-1,0.06,0,0.04,0,0.04,0.5,0,0.33,0,0,0.03,0.08,0.04,0,0.09,0,0.06,0,0.16,0,0.02,0,0.04,0,0.08,0,0.09,0.1,0.02,0,0.14,-1
Miroslav Stoch,Miroslav,Stoch,Slovakia,1244,-1,-1,-1,-1,-1,-1,-1,-1,-1,-1,-1,-1,-1,-1,-1,-1,-1,-1,-1,-1,-1,-1,-1,-1,-1,-1,-1,-1,-1,-1,0,-1,0,-1,0,-1,0,0,0.27,0.15,0.1,0,0.32,0.17,0,0,0.15,0,0.25,0,0.07,0.18,0.24,-1,0.16,0,0.29,0,0,0
Róbert Vittek,Róbert,Vittek,Slovakia,72041,-1,-1,-1,-1,-1,-1,-1,-1,-1,-1,-1,-1,-1,-1,-1,-1,-1,-1,-1,-1,-1,0,-1,0,0.66,0,-1,0.25,-1,0,0.53,0.43,0.17,0,0.06,0.33,0.21,0.4,0.3,0.31,0.08,0,0,0,0.44,0,0.76,0,0.27,0,0.51,0,0.15,-1,0.25,-1,0,-1,0,-1
Vladimír Weiss,Vladimír,Weiss,Slovakia,42316,-1,-1,-1,-1,-1,-1,-1,-1,-1,-1,-1,-1,-1,-1,-1,-1,-1,-1,-1,-1,-1,-1,-1,-1,-1,-1,-1,-1,-1,-1,-1,-1,-1,-1,-1,-1,0,0,0.06,0,0.15,0,0.15,0.22,0.22,0,0.32,0.09,0.32,0,0.42,0.12,0.48,0,0.71,0.25,0.4,0,0.12,-1
Valter Birsa,Valter,Birsa,Slovenia,30559,-1,-1,-1,-1,-1,-1,-1,-1,-1,-1,-1,-1,-1,-1,-1,-1,-1,-1,-1,-1,-1,-1,-1,-1,-1,-1,-1,-1,0.27,-1,0.54,-1,0.16,-1,0.14,0,0.11,0,0.08,0.19,0.14,0,0.17,0,0.11,0.25,0.1,0.14,0,-1,0.17,0.07,0.19,-1,0.11,0.1,0.06,-1,0,-1
Zlatko Dedi?,Zlatko,Dedi?,Slovenia,7740,-1,-1,-1,-1,-1,-1,-1,-1,-1,-1,-1,-1,-1,-1,-1,-1,-1,-1,-1,-1,-1,-1,-1,-1,-1,-1,-1,-1,-1,-1,0,0,0.17,-1,0,0,0.19,0,0.17,0.22,0.13,0.33,0.46,0.3,0.34,0,0.19,0,0.22,-1,0.18,-1,0.22,-1,0.5,-1,0.3,-1,0.42,-1
Josip Ili?i?,Josip,Ili?i?,Slovenia,30434,-1,-1,-1,-1,-1,-1,-1,-1,-1,-1,-1,-1,-1,-1,-1,-1,-1,-1,-1,-1,-1,-1,-1,-1,-1,-1,-1,-1,-1,-1,-1,-1,-1,-1,0.12,-1,0.33,-1,0.09,0,0.24,0,0.17,0,0.34,0,0.19,0.11,0.29,-1,0.41,0.07,0.19,-1,0.37,0.25,0.36,0,0.62,0.4
Andraž Kirm,Andraž,Kirm,Slovenia,105757,-1,-1,-1,-1,-1,-1,-1,-1,-1,-1,-1,-1,-1,-1,-1,-1,-1,-1,-1,-1,-1,-1,-1,-1,-1,-1,-1,-1,-1,-1,-1,-1,-1,-1,0,0,0.18,0,0.09,0.16,0.3,0,0.14,0.15,0.06,0,0.07,0.09,0.24,0,0.16,0,0.08,-1,0.07,-1,0.04,-1,0,-1
Tim Matavž,Tim,Matavž,Slovenia,37135,-1,-1,-1,-1,-1,-1,-1,-1,-1,-1,-1,-1,-1,-1,-1,-1,-1,-1,-1,-1,-1,-1,-1,-1,-1,-1,-1,-1,-1,-1,-1,-1,0.39,-1,0,-1,0.35,-1,0.44,0,0.57,1,0.5,0.56,0.53,0.33,0.17,0.2,0.17,0,0,0,0.24,-1,0.42,0,0.55,0,0.48,1
Milivoje Novakovi?,Milivoje,Novakovi?,Slovenia,115030,-1,-1,-1,-1,-1,-1,-1,-1,-1,-1,-1,-1,-1,-1,-1,-1,-1,-1,-1,-1,-1,-1,-1,-1,-1,-1,-1,-1,-1,-1,-1,-1,0.4,-1,0.61,0.21,0.53,0,0.22,0.42,0.63,0.5,0.35,0.22,0.44,1,0.35,0.62,0.19,-1,0.5,0.46,0.34,-1,0,0.25,-1,-1,-1,-1
Nejc Pe?nik,Nejc,Pe?nik,Slovenia,91662,-1,-1,-1,-1,-1,-1,-1,-1,-1,-1,-1,-1,-1,-1,-1,-1,-1,-1,-1,-1,-1,-1,-1,-1,-1,-1,-1,-1,-1,-1,-1,-1,-1,-1,-1,-1,0.5,0,0.06,0.22,0,0,0.04,0.5,0,0,0.26,0,0.29,-1,0.04,0.25,0,-1,0.09,-1,-1,-1,0.32,-1
Benjamin Verbi?,Benjamin,Verbi?,Slovenia,2183,-1,-1,-1,-1,-1,-1,-1,-1,-1,-1,-1,-1,-1,-1,-1,-1,-1,-1,-1,-1,-1,-1,-1,-1,-1,-1,-1,-1,-1,-1,-1,-1,-1,-1,-1,-1,-1,-1,-1,-1,0,-1,0.2,-1,0.16,-1,0.27,-1,0.41,0,0.16,0,0.15,-1,0.39,0.17,0.36,0.25,0.39,0.22
Haris Vu?ki?,Haris,Vu?ki?,Slovenia,36845,-1,-1,-1,-1,-1,-1,-1,-1,-1,-1,-1,-1,-1,-1,-1,-1,-1,-1,-1,-1,-1,-1,-1,-1,-1,-1,-1,-1,-1,-1,-1,-1,-1,-1,-1,-1,-1,-1,0,-1,0,-1,0.07,0,0.33,-1,0.15,-1,0.44,-1,0.12,-1,0.09,-1,0.27,-1,0.14,-1,0.42,0.33
Miha Zajc,Miha,Zajc,Slovenia,1369,-1,-1,-1,-1,-1,-1,-1,-1,-1,-1,-1,-1,-1,-1,-1,-1,-1,-1,-1,-1,-1,-1,-1,-1,-1,-1,-1,-1,-1,-1,-1,-1,-1,-1,-1,-1,-1,-1,-1,-1,-1,-1,0,-1,0.12,-1,0.07,-1,0.15,-1,0.14,0,0.34,0,0.19,0.5,0.15,0.33,0.11,0.25
Isco Alarcón,Isco,Alarcón,Spain,745,-1,-1,-1,-1,-1,-1,-1,-1,-1,-1,-1,-1,-1,-1,-1,-1,-1,-1,-1,-1,-1,-1,-1,-1,-1,-1,-1,-1,-1,-1,-1,-1,-1,-1,-1,-1,-1,-1,0,-1,0.29,-1,0.13,-1,0.26,0,0.2,0,0.1,0,0.11,0.22,0.26,0,0.19,0.56,0.16,0.33,0.07,0
Paco Alcácer,Paco,Alcácer,Spain,21,-1,-1,-1,-1,-1,-1,-1,-1,-1,-1,-1,-1,-1,-1,-1,-1,-1,-1,-1,-1,-1,-1,-1,-1,-1,-1,-1,-1,-1,-1,-1,-1,-1,-1,-1,-1,-1,-1,-1,-1,0,-1,0.41,-1,0.17,-1,0.38,0,0.38,0.5,0.34,0.5,0.31,-1,0.32,2,0.66,1,0.34,0.75
Xabi Alonso,Xabi,Alonso,Spain,90657,-1,-1,-1,-1,-1,-1,-1,-1,-1,-1,-1,-1,-1,-1,-1,-1,-1,-1,-1,-1,-1,-1,-1,-1,-1,0,0.09,0,0.08,0,0.07,0.07,0.09,0,0.09,0.12,0.11,0.38,0.07,0.14,0.02,0.29,0.02,0.24,0,0,0,0.11,0.09,-1,0.05,-1,0.08,-1,-1,-1,-1,-1,-1,-1
Santi Cazorla,Santi,Cazorla,Spain,1695,-1,-1,-1,-1,-1,-1,-1,-1,-1,-1,-1,-1,-1,-1,-1,-1,-1,-1,-1,-1,-1,-1,-1,-1,-1,-1,0,-1,0.07,-1,0,-1,0.15,-1,0.17,0.11,0.21,0,0.2,0.09,0.15,0.29,0.21,0.31,0.24,0.33,0.15,0,0.13,0.33,0.04,0.29,0.18,-1,-1,-1,0.15,-1,0.36,0.25
Diego Costa,Diego,Costa,Spain,54,-1,-1,-1,-1,-1,-1,-1,-1,-1,-1,-1,-1,-1,-1,-1,-1,-1,-1,-1,-1,-1,-1,-1,-1,-1,-1,-1,-1,-1,-1,-1,-1,0,-1,0.2,-1,0.29,-1,0.25,-1,0.21,-1,0.62,-1,0.43,-1,0.71,0,0.55,0,0.39,0.2,0.52,0,0.3,0.69,0.21,-1,0.17,-1
Cesc Fàbregas,Cesc,Fàbregas,Spain,108,-1,-1,-1,-1,-1,-1,-1,-1,-1,-1,-1,-1,-1,-1,-1,-1,-1,-1,-1,-1,-1,-1,-1,-1,-1,-1,-1,-1,0.06,-1,0.08,0,0.08,0,0.31,0.05,0.09,0.29,0.53,0.18,0.25,0.67,0.3,0.25,0.3,0.29,0.26,0,0.11,0.33,0.12,0.07,0.18,-1,0.06,-1,0.07,-1,0,-1
Raúl González,Raúl,González,Spain,115023,-1,-1,-1,-1,-1,-1,-1,-1,-1,-1,-1,-1,-1,-1,-1,-1,-1,-1,-1,-1,-1,-1,-1,-1,-1,-1,-1,-1,-1,-1,-1,-1,-1,-1,-1,0,-1,-1,-1,-1,-1,-1,-1,-1,-1,-1,0.09,-1,0,-1,-1,-1,-1,-1,-1,-1,-1,-1,-1,-1
Andrés Iniesta,Andrés,Iniesta,Spain,33243,-1,-1,-1,-1,-1,-1,-1,-1,-1,-1,-1,-1,-1,-1,-1,-1,-1,-1,-1,-1,-1,-1,-1,-1,-1,-1,0.09,-1,0.05,-1,0.02,0,0.17,0.33,0.1,0.14,0.14,0,0.02,0.17,0.18,0.14,0.17,0.12,0.13,0,0.06,0.07,0.07,0,0.02,0.09,0.03,0.25,0.08,0,0.27,-1,0.2,-1
Álvaro Morata,Álvaro,Morata,Spain,59,-1,-1,-1,-1,-1,-1,-1,-1,-1,-1,-1,-1,-1,-1,-1,-1,-1,-1,-1,-1,-1,-1,-1,-1,-1,-1,-1,-1,-1,-1,-1,-1,-1,-1,-1,-1,-1,-1,-1,-1,0.5,-1,0.45,-1,0.42,-1,0.26,0,0.32,0,0.27,0.46,0.49,0.67,0.31,0.71,0.36,0,0.36,0.67
Sergio Ramos,Sergio,Ramos,Spain,738,-1,-1,-1,-1,-1,-1,-1,-1,-1,-1,-1,-1,-1,-1,-1,-1,-1,-1,-1,-1,-1,-1,-1,-1,-1,-1,0,-1,0.06,0,0.12,0.14,0.15,0,0.12,0.09,0.12,0,0.1,0.05,0.09,0,0.08,0.1,0.13,0,0.13,0.13,0.13,0,0.12,0.08,0.23,0.67,0.12,0.12,0.24,0.75,0.31,0.4
Pedro Rodríguez,Pedro,Rodríguez,Spain,2299,-1,-1,-1,-1,-1,-1,-1,-1,-1,-1,-1,-1,-1,-1,-1,-1,-1,-1,-1,-1,-1,-1,-1,-1,-1,-1,-1,-1,-1,-1,-1,-1,-1,-1,0,-1,0,-1,0.42,0.1,0.42,0.33,0.3,0.57,0.21,0.33,0.35,0.33,0.22,0,0.24,0.21,0.3,0,0.17,0,0.24,-1,0.09,-1
David Silva,David,Silva,Spain,634,-1,-1,-1,-1,-1,-1,-1,-1,-1,-1,-1,-1,-1,-1,-1,-1,-1,-1,-1,-1,-1,-1,-1,-1,-1,-1,-1,-1,-1,-1,0.09,0,0.17,0.67,0.12,0.06,0.23,0,0.25,0.36,0.11,0.29,0.17,0.44,0.12,0.33,0.2,0,0.28,0,0.11,0.32,0.17,1,0.25,0.31,0.21,-1,0.15,-1
Fernando Torres,Fernando,Torres,Spain,33413,-1,-1,-1,-1,-1,-1,-1,-1,-1,-1,-1,-1,-1,-1,-1,-1,-1,-1,-1,-1,-1,-1,-1,-1,-1,0,0.57,0.09,0.42,0.33,0.36,0.52,0.39,0,0.68,0.28,0.47,0.62,0.69,0.06,0.23,0.14,0.22,0.5,0.33,1,0.23,0.4,0.19,-1,0.27,-1,0.23,-1,0.22,-1,0.11,-1,-1,-1
David Villa,David,Villa,Spain,33257,-1,-1,-1,-1,-1,-1,-1,-1,-1,-1,-1,-1,-1,-1,-1,-1,-1,-1,-1,-1,-1,-1,-1,-1,-1,-1,0.45,-1,0.43,-1,0.68,0.4,0.45,0,0.63,0.7,0.76,0.9,0.62,0.75,0.45,0.29,0.38,0.9,0.37,0.43,0.31,0.5,0.5,-1,-1,-1,-1,0,-1,0,0.43,-1,0,-1
Marcus Berg,Marcus,Berg,Sweden,2863,-1,-1,-1,-1,-1,-1,-1,-1,-1,-1,-1,-1,-1,-1,-1,-1,-1,-1,-1,-1,-1,-1,-1,-1,-1,-1,-1,-1,0.21,-1,0.18,-1,0.81,-1,0.72,0,0.69,0,0.23,0.3,0.24,1,0.14,0.25,0.08,-1,1.4,0.2,0.67,0.5,0.25,0.23,0.44,0,0.88,0.38,0.33,0.25,0.31,0.22
Viktor Claesson,Viktor,Claesson,Sweden,2080,-1,-1,-1,-1,-1,-1,-1,-1,-1,-1,-1,-1,-1,-1,-1,-1,-1,-1,-1,-1,-1,-1,-1,-1,-1,-1,-1,-1,-1,-1,-1,-1,-1,-1,-1,-1,-1,-1,0,-1,0.43,-1,0.19,0,0.16,-1,0.2,-1,0.37,-1,0.29,0,0.28,1,0.35,0,0.36,0.25,0,0.6
Emil Forsberg,Emil,Forsberg,Sweden,1152,-1,-1,-1,-1,-1,-1,-1,-1,-1,-1,-1,-1,-1,-1,-1,-1,-1,-1,-1,-1,-1,-1,-1,-1,-1,-1,-1,-1,-1,-1,-1,-1,-1,-1,-1,-1,0.05,-1,0.18,-1,0.48,-1,0.29,-1,0.16,-1,0.44,0,0.07,0,0.24,0.13,0.26,0,0.15,0.25,0.24,0,0.31,0.14
Andreas Granqvist,Andreas,Granqvist,Sweden,2853,-1,-1,-1,-1,-1,-1,-1,-1,-1,-1,-1,-1,-1,-1,-1,-1,-1,-1,-1,-1,-1,-1,-1,-1,-1,-1,-1,-1,0.04,-1,0,0,0,0,0.04,0,0.14,0,0.19,0,0.3,0,0.03,0.14,0.03,0,0.04,0,0.03,0,0.07,0.05,0.07,0,0.08,0.24,0,0.33,0,0
Zlatan Ibrahimovi?,Zlatan,Ibrahimovi?,Sweden,51070,-1,-1,-1,-1,-1,-1,-1,-1,-1,-1,-1,-1,-1,-1,-1,-1,-1,-1,-1,-1,-1,0,-1,0.22,-1,1,-1,0.5,-1,-1,0.23,0.62,0.44,0,0.67,0.18,0.6,-1,0.5,0.3,0.53,0,0.79,0.88,0.76,1,0.88,0.71,0.76,0.5,0.98,0.73,0.6,-1,0.68,-1,1,-1,0.52,-1
Alexander Isak,Alexander,Isak,Sweden,2864,-1,-1,-1,-1,-1,-1,-1,-1,-1,-1,-1,-1,-1,-1,-1,-1,-1,-1,-1,-1,-1,-1,-1,-1,-1,-1,-1,-1,-1,-1,-1,-1,-1,-1,-1,-1,-1,-1,-1,-1,-1,-1,-1,-1,-1,-1,-1,-1,0,-1,0.44,-1,0.6,0.5,0.28,0,0.63,-1,0.36,0.36
Kim Kallstrom,Kim,Kallstrom,Sweden,105161,-1,-1,-1,-1,-1,-1,-1,-1,-1,-1,-1,-1,-1,-1,-1,-1,-1,-1,-1,-1,-1,0,-1,0,-1,0,-1,0.13,-1,0.33,0.24,0.08,0.16,0.33,0.13,0.29,0.05,0.5,0.11,0.14,0.07,0,0.04,0.18,0.07,0,0.06,0,0.07,0,0.03,0,0.06,-1,0,-1,-1,-1,-1,-1
Mikael Lustig,Mikael,Lustig,Sweden,1113,-1,-1,-1,-1,-1,-1,-1,-1,-1,-1,-1,-1,-1,-1,-1,-1,-1,-1,-1,-1,-1,-1,-1,-1,-1,-1,-1,-1,0.25,-1,0.11,-1,0.07,-1,0.07,0,0.12,0,0.19,0,0.16,0,0.1,0.07,0.09,0,0.03,0.08,0.13,-1,0.12,0.1,0.05,0,0.07,0.19,0.05,0,0.03,0
Robin Quaison,Robin,Quaison,Sweden,2866,-1,-1,-1,-1,-1,-1,-1,-1,-1,-1,-1,-1,-1,-1,-1,-1,-1,-1,-1,-1,-1,-1,-1,-1,-1,-1,-1,-1,-1,-1,-1,-1,-1,-1,-1,-1,-1,-1,-1,-1,0,-1,0.11,-1,0.15,-1,0.09,0.5,0.1,0,0.06,0,0.17,-1,0.15,0,0.3,0,0.38,0.5
Ola Toivonen,Ola,Toivonen,Sweden,6868,-1,-1,-1,-1,-1,-1,-1,-1,-1,-1,-1,-1,-1,-1,-1,-1,-1,-1,-1,-1,-1,-1,-1,-1,-1,-1,-1,-1,0.19,-1,0.24,-1,0.12,0,0.48,-1,0.43,0,0.29,0.4,0.48,0,0.53,0.25,0.43,0,0.24,0.11,0.2,0.5,0.07,0.25,0.18,0,0.08,0.26,0.65,-1,0.45,-1
Tranquillo Barnetta,Tranquillo,Barnetta,Switzerland,48486,-1,-1,-1,-1,-1,-1,-1,-1,-1,-1,-1,-1,-1,-1,-1,-1,-1,-1,-1,-1,-1,-1,-1,-1,0.17,-1,-1,0,-1,-1,0.19,0.07,0.03,0.5,0.22,0,0.13,0,0.12,0,0.06,-1,0,0.43,0,0,0.03,0.12,0.1,-1,0.16,0,0.06,-1,0.1,-1,0.33,-1,0,-1
Eren Derdiyok,Eren,Derdiyok,Switzerland,457,-1,-1,-1,-1,-1,-1,-1,-1,-1,-1,-1,-1,-1,-1,-1,-1,-1,-1,-1,-1,-1,-1,-1,-1,-1,-1,-1,-1,-1,-1,-1,-1,0.08,-1,0.26,0.2,0.33,0,0.37,0.07,0.27,0.33,0.3,0.42,0.05,-1,0.04,0,0.29,0.5,0.44,0.2,0.32,0,0.17,0.14,0.65,-1,0.29,-1
Josip Drmic,Josip,Drmic,Switzerland,25643,-1,-1,-1,-1,-1,-1,-1,-1,-1,-1,-1,-1,-1,-1,-1,-1,-1,-1,-1,-1,-1,-1,-1,-1,-1,-1,-1,-1,-1,-1,-1,-1,-1,-1,-1,-1,-1,-1,0,-1,0,-1,0.21,-1,0.45,0,0.5,0.36,0.16,0.25,0.08,0.44,0,0,0.27,0.43,0.4,0,0.12,0
Blerim Dzemaili,Blerim,Dzemaili,Switzerland,30478,-1,-1,-1,-1,-1,-1,-1,-1,-1,-1,-1,-1,-1,-1,-1,-1,-1,-1,-1,-1,-1,-1,-1,-1,-1,-1,-1,-1,-1,-1,0.09,0,0.12,0,0,-1,0,-1,0.05,0,0.03,0,0.08,0,0.22,0,0.23,0.13,0.05,2,0.11,0.14,0.27,0,0.07,0.24,0.07,-1,0.07,-1
Alexander Frei,Alexander,Frei,Switzerland,117969,-1,-1,-1,-1,-1,-1,-1,-1,-1,-1,-1,-1,-1,-1,-1,-1,-1,-1,-1,-1,-1,0,-1,0.71,-1,0.5,-1,0.42,-1,-1,0.3,0.6,0.5,0,0.46,0,0.44,0,0.82,0.47,0.69,0,0.79,0,0.4,-1,-1,-1,-1,-1,-1,-1,-1,-1,-1,-1,-1,-1,-1,-1
Mario Gavranovi?,Mario,Gavranovi?,Switzerland,1326,-1,-1,-1,-1,-1,-1,-1,-1,-1,-1,-1,-1,-1,-1,-1,-1,-1,-1,-1,-1,-1,-1,-1,-1,-1,-1,-1,-1,-1,-1,-1,-1,-1,-1,-1,-1,0.4,-1,0.41,-1,0.27,0,0.22,1,0.34,0,0.45,0.4,0.08,-1,0.29,-1,0.35,-1,0.5,0.14,0.3,0.5,0.15,0.67
Stephan Lichtsteiner,Stephan,Lichtsteiner,Switzerland,1444,-1,-1,-1,-1,-1,-1,-1,-1,-1,-1,-1,-1,-1,-1,-1,-1,-1,-1,-1,-1,-1,-1,0,-1,0,-1,-1,-1,-1,-1,0.03,0,0,0,0.12,0,0.03,0,0.05,0,0,0,0.05,0.17,0.11,0,0.06,0.2,0.06,0,0.05,0,0.03,0,0,0.16,0.04,0,0,0
Admir Mehmedi,Admir,Mehmedi,Switzerland,2808,-1,-1,-1,-1,-1,-1,-1,-1,-1,-1,-1,-1,-1,-1,-1,-1,-1,-1,-1,-1,-1,-1,-1,-1,-1,-1,-1,-1,-1,-1,-1,-1,-1,-1,-1,-1,0.15,-1,0.12,-1,0.36,0,0.24,0.12,0,0,0.33,0.08,0.22,0,0.17,0.19,0.13,0,0.14,0.17,0.24,1,0.12,0.17
Ricardo Rodríguez,Ricardo,Rodríguez,Switzerland,1631,-1,-1,-1,-1,-1,-1,-1,-1,-1,-1,-1,-1,-1,-1,-1,-1,-1,-1,-1,-1,-1,-1,-1,-1,-1,-1,-1,-1,-1,-1,-1,-1,-1,-1,-1,-1,-1,-1,0,-1,0.07,0,0.02,0,0,0,0.18,0,0.26,0,0.09,0,0.07,0,0.08,0.29,0,0.4,0,0.11
Fabian Schär,Fabian,Schär,Switzerland,2806,-1,-1,-1,-1,-1,-1,-1,-1,-1,-1,-1,-1,-1,-1,-1,-1,-1,-1,-1,-1,-1,-1,-1,-1,-1,-1,-1,-1,-1,-1,-1,-1,-1,-1,-1,-1,-1,-1,0,-1,0.17,-1,0.17,-1,0.21,0,0.17,0.43,0.02,0,0.04,0.23,0,0,0.07,0.05,0.14,0,0.07,0.17
Haris Seferovi?,Haris,Seferovi?,Switzerland,582,-1,-1,-1,-1,-1,-1,-1,-1,-1,-1,-1,-1,-1,-1,-1,-1,-1,-1,-1,-1,-1,-1,-1,-1,-1,-1,-1,-1,-1,-1,-1,-1,-1,-1,-1,-1,0,-1,0,-1,0,-1,0.11,-1,0.41,0,0.15,0.15,0.32,0.67,0.1,0.2,0.14,0,0.2,0.25,0.53,0.83,0.21,0.33
Xherdan Shaqiri,Xherdan,Shaqiri,Switzerland,307,-1,-1,-1,-1,-1,-1,-1,-1,-1,-1,-1,-1,-1,-1,-1,-1,-1,-1,-1,-1,-1,-1,-1,-1,-1,-1,-1,-1,-1,-1,-1,-1,-1,-1,-1,-1,-1,-1,0.16,0,0.17,0,0.22,0.67,0.21,0,0.25,0.35,0.15,0.25,0.09,0.33,0.18,1,0.2,0.11,0.19,0.17,0.12,-1
Marco Streller,Marco,Streller,Switzerland,118101,-1,-1,-1,-1,-1,-1,-1,-1,-1,-1,-1,-1,-1,-1,-1,-1,-1,-1,-1,-1,-1,-1,-1,-1,-1,-1,-1,0,-1,-1,0.19,0.17,0.19,0.67,0,0,0.22,0,0.7,0,0.34,0,0.45,0.25,0.37,-1,0.39,-1,0.43,-1,0,-1,-1,-1,-1,-1,-1,-1,-1,-1
Johan Vonlanthen,Johan,Vonlanthen,Switzerland,100541,-1,-1,-1,-1,-1,-1,-1,-1,-1,-1,-1,-1,-1,-1,-1,-1,-1,-1,-1,-1,-1,-1,-1,-1,-1,-1,-1,0.5,-1,-1,-1,0.4,0.5,0,0,0,0.09,0,0.35,0,0,-1,-1,-1,-1,-1,0.12,-1,0.33,-1,0,-1,0.19,-1,0.2,-1,0,-1,-1,-1
Granit Xhaka,Granit,Xhaka,Switzerland,1464,-1,-1,-1,-1,-1,-1,-1,-1,-1,-1,-1,-1,-1,-1,-1,-1,-1,-1,-1,-1,-1,-1,-1,-1,-1,-1,-1,-1,-1,-1,-1,-1,-1,-1,-1,-1,-1,-1,-1,-1,0.08,0.5,0,0.11,0.03,0,0,0.19,0.12,0,0.08,0.06,0.08,0,0.06,0.2,0.1,0,0.02,0.22
Emre Akbaba,Emre,Akbaba,Turkey,443,-1,-1,-1,-1,-1,-1,-1,-1,-1,-1,-1,-1,-1,-1,-1,-1,-1,-1,-1,-1,-1,-1,-1,-1,-1,-1,-1,-1,-1,-1,-1,-1,-1,-1,-1,-1,-1,-1,-1,-1,-1,-1,-1,-1,0.07,-1,0.38,-1,0.46,-1,0.31,-1,0.18,1,0.5,0,0.14,2,0.33,-1
Hakan Çalhanoglu,Hakan,Çalhanoglu,Turkey,1640,-1,-1,-1,-1,-1,-1,-1,-1,-1,-1,-1,-1,-1,-1,-1,-1,-1,-1,-1,-1,-1,-1,-1,-1,-1,-1,-1,-1,-1,-1,-1,-1,-1,-1,-1,-1,-1,-1,-1,-1,-1,-1,0,-1,0.44,-1,0.31,0,0.28,0.75,0.17,0.21,0.29,0,0.17,0.2,0.09,0.25,0.28,0.11
Gökdeniz Karadeniz,Gökdeniz,Karadeniz,Turkey,62733,-1,-1,-1,-1,-1,-1,-1,-1,-1,-1,-1,-1,-1,-1,-1,-1,-1,-1,-1,-1,-1,-1,-1,-1,-1,-1,-1,-1,-1,-1,-1,-1,-1,-1,0.06,-1,0.47,-1,0,0,0.28,-1,0.27,-1,0.06,-1,0.25,-1,0.26,-1,0.08,0,0.38,-1,0.55,-1,0.55,-1,0.72,-1
Mustafa Pektemek,Mustafa,Pektemek,Turkey,2004,-1,-1,-1,-1,-1,-1,-1,-1,-1,-1,-1,-1,-1,-1,-1,-1,-1,-1,-1,-1,-1,-1,-1,-1,-1,-1,-1,-1,-1,-1,-1,-1,0,-1,0.13,-1,0.32,-1,0.35,-1,0.46,-1,0.2,0.2,0.22,0,0.14,0,0.17,-1,0.08,0,0.21,-1,0.36,-1,0.28,-1,0.12,-1
Cenk Tosun,Cenk,Tosun,Turkey,18768,-1,-1,-1,-1,-1,-1,-1,-1,-1,-1,-1,-1,-1,-1,-1,-1,-1,-1,-1,-1,-1,-1,-1,-1,-1,-1,-1,-1,-1,-1,-1,-1,-1,-1,-1,-1,0,-1,0.33,-1,0.7,-1,0.19,0,0.31,-1,0.44,0,0.32,0.5,0.4,0.22,0.52,0,0.49,0.53,0.14,0,0.15,0.83
Ozan Tufan,Ozan,Tufan,Turkey,49942,-1,-1,-1,-1,-1,-1,-1,-1,-1,-1,-1,-1,-1,-1,-1,-1,-1,-1,-1,-1,-1,-1,-1,-1,-1,-1,-1,-1,-1,-1,-1,-1,-1,-1,-1,-1,-1,-1,-1,-1,-1,-1,-1,-1,0.17,-1,0,0.2,0.07,0,0.02,0.05,0.13,0,0.21,0.25,0.04,0,0.19,0.22
Arda Turan,Arda,Turan,Turkey,49859,-1,-1,-1,-1,-1,-1,-1,-1,-1,-1,-1,-1,-1,-1,-1,-1,-1,-1,-1,-1,-1,-1,-1,-1,-1,-1,-1,-1,0,-1,0.13,0,0.22,0,0.22,0.15,0.24,0,0.23,0.36,0.32,0,0.11,0.24,0.12,0,0.2,0.08,0.07,0.25,0.08,0.19,0.38,0,0.18,0,0,-1,0.08,-1
Gökhan Unal,Gökhan,Unal,Turkey,47443,-1,-1,-1,-1,-1,-1,-1,-1,-1,-1,-1,-1,-1,-1,-1,-1,-1,-1,-1,-1,-1,-1,-1,-1,-1,-1,-1,-1,-1,-1,-1,-1,-1,-1,-1,-1,-1,-1,0.15,-1,0.1,-1,0.09,-1,0,-1,0.03,-1,0.15,0,0.08,0,0.14,0,0.06,0.09,0.06,0,0,0
Cengiz Under,Cengiz,Under,Turkey,785,-1,-1,-1,-1,-1,-1,-1,-1,-1,-1,-1,-1,-1,-1,-1,-1,-1,-1,-1,-1,-1,-1,-1,-1,-1,-1,-1,-1,-1,-1,-1,-1,-1,-1,-1,-1,-1,-1,-1,-1,-1,-1,-1,-1,-1,-1,-1,-1,0.19,-1,0.19,0,0.2,0.5,0.24,0.22,0.18,0.2,0.2,0.33
Yevhen Konoplyanka,Yevhen,Konoplyanka,Ukraine,413,-1,-1,-1,-1,-1,-1,-1,-1,-1,-1,-1,-1,-1,-1,-1,-1,-1,-1,-1,-1,-1,-1,-1,-1,-1,-1,-1,-1,-1,-1,-1,-1,-1,-1,-1,-1,0,-1,0.17,0.33,0.19,0.22,0.28,0.12,0.16,0,0.36,0.25,0.19,0.5,0.15,0.25,0.24,0.5,0.2,0.19,0.05,0.4,0.17,0.33
Artem Kravets,Artem,Kravets,Ukraine,50131,-1,-1,-1,-1,-1,-1,-1,-1,-1,-1,-1,-1,-1,-1,-1,-1,-1,-1,-1,-1,-1,-1,-1,-1,-1,-1,-1,-1,-1,-1,-1,-1,-1,-1,0,-1,0.27,-1,0.09,-1,0.17,0,0,-1,2,-1,0.25,-1,0.49,0.5,0.12,0.33,0.19,0,0.34,0.44,0.3,0,0.41,0
Yaroslav Rakitskiy,Yaroslav,Rakitskiy,Ukraine,1204,-1,-1,-1,-1,-1,-1,-1,-1,-1,-1,-1,-1,-1,-1,-1,-1,-1,-1,-1,-1,-1,-1,-1,-1,-1,-1,-1,-1,-1,-1,-1,-1,-1,-1,-1,-1,-1,-1,0.03,0.25,0.06,0.17,0.06,0,0.03,0,0,0.17,0.06,0,0.08,0,0,0,0.03,0.12,0.13,0,0.03,-1
Andriy Shevchenko,Andriy,Shevchenko,Ukraine,118048,-1,-1,-1,-1,-1,-1,-1,-1,-1,-1,-1,0.25,-1,0,-1,0.5,-1,-1,-1,0.21,-1,-1,-1,0.71,-1,0,-1,0.5,-1,0,0.7,0.6,0.17,0,0.27,0.55,0.02,0,0.27,0.47,0.5,0.2,0.27,0.33,-1,-1,-1,-1,-1,-1,-1,-1,-1,-1,-1,-1,-1,-1,-1,-1
Viktor Tsygankov,Viktor,Tsygankov,Ukraine,2182,-1,-1,-1,-1,-1,-1,-1,-1,-1,-1,-1,-1,-1,-1,-1,-1,-1,-1,-1,-1,-1,-1,-1,-1,-1,-1,-1,-1,-1,-1,-1,-1,-1,-1,-1,-1,-1,-1,-1,-1,-1,-1,-1,-1,-1,-1,-1,-1,0,-1,-1,0,0.17,0,0.44,0,0.44,0,0.44,0.5
Roman Yaremchuk,Roman,Yaremchuk,Ukraine,8493,-1,-1,-1,-1,-1,-1,-1,-1,-1,-1,-1,-1,-1,-1,-1,-1,-1,-1,-1,-1,-1,-1,-1,-1,-1,-1,-1,-1,-1,-1,-1,-1,-1,-1,-1,-1,-1,-1,-1,-1,-1,-1,-1,-1,-1,-1,0.16,-1,0.17,-1,0,-1,0.26,-1,0.26,0,0.27,0.25,0.57,0.5
Andriy Yarmolenko,Andriy,Yarmolenko,Ukraine,18834,-1,-1,-1,-1,-1,-1,-1,-1,-1,-1,-1,-1,-1,-1,-1,-1,-1,-1,-1,-1,-1,-1,-1,-1,-1,-1,-1,-1,-1,-1,-1,-1,-1,-1,-1,-1,0,-1,0.19,0.25,0.34,0.33,0.33,0.29,0.33,0.5,0.54,0.38,0.45,1,0.58,0.5,0.53,0.5,0.28,0.67,0.2,0.2,0.22,0.2
Oleksandr Zinchenko,Oleksandr,Zinchenko,Ukraine,641,-1,-1,-1,-1,-1,-1,-1,-1,-1,-1,-1,-1,-1,-1,-1,-1,-1,-1,-1,-1,-1,-1,-1,-1,-1,-1,-1,-1,-1,-1,-1,-1,-1,-1,-1,-1,-1,-1,-1,-1,-1,-1,-1,-1,-1,-1,-1,-1,0,-1,0.07,0.14,0,0,0,0,0.03,0.4,0.04,0.14
Roman Zozulya,Roman,Zozulya,Ukraine,46726,-1,-1,-1,-1,-1,-1,-1,-1,-1,-1,-1,-1,-1,-1,-1,-1,-1,-1,-1,-1,-1,-1,-1,-1,-1,-1,-1,-1,-1,-1,-1,-1,-1,-1,-1,-1,0.08,-1,0.17,1,0.09,-1,0.22,0,0.32,0,0.31,0.15,0.08,-1,0.33,0.08,0,0,0.3,0,0.3,-1,0.11,-1
Gareth Bale,Gareth,Bale,Wales,758,-1,-1,-1,-1,-1,-1,-1,-1,-1,-1,-1,-1,-1,-1,-1,-1,-1,-1,-1,-1,-1,-1,-1,-1,-1,-1,-1,-1,-1,-1,0,-1,0.13,-1,0.25,0.22,0,0,0.09,0,0.27,0.5,0.31,0.38,0.59,0.5,0.49,0.62,0.33,-1,0.62,0.59,0.32,0,0.57,0.5,0.27,0.5,0.15,0.25
Craig Bellamy,Craig,Bellamy,Wales,114773,-1,-1,-1,-1,-1,-1,-1,-1,-1,-1,-1,-1,-1,-1,-1,-1,-1,-1,-1,0.2,-1,-1,-1,0.17,-1,-1,0.25,0.17,0.33,-1,0.48,0,0.23,-1,0.25,0.36,0.32,0,0.28,0.33,0.31,0.5,0.24,0,0.12,0,0.09,0,0,-1,-1,-1,-1,-1,-1,-1,-1,-1,-1,-1
Robert Earnshaw,Robert,Earnshaw,Wales,163805,-1,-1,-1,-1,-1,-1,-1,-1,-1,-1,-1,-1,-1,-1,-1,-1,-1,-1,-1,-1,-1,-1,-1,0.5,-1,-1,-1,0.17,0.32,-1,0.35,0.25,0.63,-1,0.04,0.25,0.42,0.33,0.46,0,0.24,0,0.18,0,0.5,-1,0.5,0,0.2,-1,0,-1,-1,-1,-1,-1,-1,-1,-1,-1
Freddy Eastwood,Freddy,Eastwood,Wales,230998,-1,-1,-1,-1,-1,-1,-1,-1,-1,-1,-1,-1,-1,-1,-1,-1,-1,-1,-1,-1,-1,-1,-1,-1,-1,-1,-1,-1,-1,-1,0.57,-1,0.26,-1,0.1,0.17,0.08,-1,0.21,-1,0.21,-1,0.15,-1,0.13,-1,0.17,-1,0,-1,-1,-1,-1,-1,-1,-1,-1,-1,-1,-1
Ryan Giggs,Ryan,Giggs,Wales,114774,0.5,-1,0.11,0,0.22,-1,-1,0.22,-1,-1,-1,0.25,-1,-1,-1,0.33,-1,-1,-1,0.25,-1,-1,-1,0,-1,-1,0.21,0.1,0.19,-1,0.12,0.43,0.16,-1,0.07,0.25,0.07,-1,0.23,-1,0.11,-1,0.12,-1,0.16,-1,0,-1,-1,-1,-1,-1,-1,-1,-1,-1,-1,-1,-1,-1
Joe Ledley,Joe,Ledley,Wales,81774,-1,-1,-1,-1,-1,-1,-1,-1,-1,-1,-1,-1,-1,-1,-1,-1,-1,-1,-1,-1,-1,-1,-1,-1,-1,-1,-1,-1,-1,-1,0.07,0,0.07,-1,0.24,0.09,0.12,0,0.11,0.29,0.08,0,0.19,0,0.22,0,0.14,0,0.06,1,0.04,0,0.05,0,0.04,0,0.25,0,0,-1
Kieffer Moore,Kieffer,Moore,Wales,19804,-1,-1,-1,-1,-1,-1,-1,-1,-1,-1,-1,-1,-1,-1,-1,-1,-1,-1,-1,-1,-1,-1,-1,-1,-1,-1,-1,-1,-1,-1,-1,-1,-1,-1,-1,-1,-1,-1,-1,-1,-1,-1,-1,-1,-1,-1,0.21,-1,0.09,-1,0,-1,0,-1,0.38,-1,0.56,0,0.28,0.4
Aaron Ramsey,Aaron,Ramsey,Wales,1459,-1,-1,-1,-1,-1,-1,-1,-1,-1,-1,-1,-1,-1,-1,-1,-1,-1,-1,-1,-1,-1,-1,-1,-1,-1,-1,-1,-1,-1,-1,-1,-1,0,-1,0.07,0,0.05,0.25,0.14,0.17,0.12,0,0.08,0.29,0.04,0,0.44,0.38,0.23,-1,0.15,0.21,0.15,0,0.33,0.2,0.15,0.33,0.14,1
Hal Robson-Kanu,Hal,Robson-Kanu,Wales,19168,-1,-1,-1,-1,-1,-1,-1,-1,-1,-1,-1,-1,-1,-1,-1,-1,-1,-1,-1,-1,-1,-1,-1,-1,-1,-1,-1,-1,-1,-1,-1,-1,-1,-1,0.38,-1,0.2,-1,0,0,0.18,0,0.11,0,0.23,0,0.11,0.1,0.11,-1,0.14,0.21,0.1,0,0.08,0.11,0.1,-1,0.26,-1
Sam Vokes,Sam,Vokes,Wales,19513,-1,-1,-1,-1,-1,-1,-1,-1,-1,-1,-1,-1,-1,-1,-1,-1,-1,-1,-1,-1,-1,-1,-1,-1,-1,-1,-1,-1,-1,-1,-1,-1,0.31,-1,0.29,0,0.21,0.25,0.06,0.11,0.12,2,0.21,0,0.08,0.33,0.48,0.17,0.06,-1,0.35,0.08,0.29,0,0.12,0.15,0.17,0,0.2,0
